user_id,country,signup_date
1,RU,2024-05-24
2,UZ,2024-01-25
3,KZ,2025-04-03
4,RS,2025-05-14
5,RS,2025-07-18
6,UZ,2025-11-25
7,RU,2024-12-29
8,KZ,2025-08-29
9,DE,2025-06-07
10,RU,2024-07-21
11,AM,2025-09-09
12,PL,2024-02-08
13,KZ,2025-03-13
14,UZ,2025-11-18
15,KZ,2025-04-26
16,UZ,2025-11-15
17,AM,2024-02-11
18,DE,2025-01-24
19,UZ,2025-07-24
20,RS,2025-04-14
21,AM,2025-10-05
22,GE,2024-12-04
23,DE,2025-05-13
24,PL,2024-11-02
25,UZ,2025-09-29
26,KZ,2024-03-28
27,RS,2024-07-04
28,UZ,2024-03-11
29,AM,2025-05-28
30,RS,2024-06-19
31,RS,2024-08-19
32,DE,2025-09-03
33,RU,2024-09-20
34,AM,2024-04-16
35,PL,2024-01-16
36,RU,2024-06-14
37,UZ,2025-10-30
38,UZ,2025-02-05
39,GE,2025-12-28
40,KZ,2024-06-06
41,DE,2024-09-13
42,UZ,2024-04-29
43,KZ,2024-10-18
44,GE,2025-02-15
45,RU,2025-08-13
46,PL,2024-09-26
47,RS,2025-07-17
48,PL,2025-04-02
49,KZ,2024-08-01
50,UZ,2025-10-28
51,UZ,2024-11-13
52,DE,2024-04-20
53,GE,2025-12-04
54,RS,2025-10-29
55,RS,2024-02-06
56,RU,2025-10-21
57,AM,2025-11-23
58,DE,2025-08-29
59,KZ,2024-07-05
60,KZ,2025-04-06
61,PL,2025-01-28
62,KZ,2025-03-29
63,GE,2025-03-26
64,PL,2025-04-12
65,RS,2025-01-10
66,GE,2025-05-19
67,PL,2025-01-19
68,GE,2024-01-13
69,RU,2024-01-26
70,RS,2025-12-01
71,UZ,2025-10-26
72,DE,2025-03-04
73,RS,2024-05-07
74,DE,2025-07-25
75,KZ,2024-04-14
76,RS,2024-10-02
77,GE,2024-08-29
78,DE,2024-01-10
79,AM,2025-08-12
80,KZ,2025-01-07
81,PL,2024-08-19
82,RS,2025-01-05
83,DE,2024-01-01
84,UZ,2024-11-15
85,KZ,2025-01-14
86,KZ,2024-09-05
87,RU,2025-08-30
88,GE,2024-07-01
89,UZ,2024-04-10
90,UZ,2025-01-20
91,RS,2025-10-10
92,UZ,2024-10-01
93,UZ,2024-02-04
94,RS,2025-12-10
95,PL,2024-11-20
96,GE,2024-05-06
97,DE,2025-03-26
98,KZ,2024-08-21
99,KZ,2025-11-16
100,DE,2024-08-02
101,UZ,2025-02-06
102,DE,2025-02-01
103,UZ,2024-06-26
104,RU,2024-12-30
105,UZ,2024-03-20
106,UZ,2025-04-15
107,UZ,2025-07-08
108,KZ,2025-11-25
109,RS,2024-08-26
110,KZ,2024-07-27
111,GE,2025-02-05
112,UZ,2025-05-21
113,AM,2025-12-26
114,RS,2024-01-19
115,AM,2024-06-23
116,AM,2024-07-10
117,RU,2024-07-05
118,DE,2024-12-04
119,DE,2025-09-30
120,RU,2024-01-23
121,RS,2025-08-19
122,KZ,2025-03-27
123,KZ,2025-03-25
124,RS,2025-05-10
125,UZ,2024-03-25
126,AM,2025-06-29
127,RU,2024-06-30
128,UZ,2025-01-12
129,AM,2025-05-09
130,KZ,2025-03-17
131,AM,2024-08-24
132,AM,2024-10-16
133,RU,2024-12-14
134,AM,2024-01-31
135,UZ,2025-06-14
136,GE,2024-03-14
137,AM,2024-12-01
138,RU,2025-04-23
139,GE,2024-02-28
140,RS,2025-12-28
141,PL,2024-10-02
142,DE,2024-01-12
143,GE,2025-04-26
144,RS,2025-02-11
145,PL,2025-04-13
146,UZ,2025-07-02
147,RU,2024-12-13
148,DE,2025-08-27
149,UZ,2024-09-27
150,RU,2025-02-02
151,UZ,2024-04-25
152,GE,2025-03-29
153,PL,2024-07-10
154,GE,2025-05-24
155,RS,2025-08-08
156,KZ,2025-09-19
157,DE,2025-11-10
158,AM,2024-03-30
159,AM,2024-04-10
160,UZ,2025-11-08
161,PL,2024-10-05
162,KZ,2024-01-20
163,RS,2024-07-28
164,RS,2025-09-03
165,RS,2024-09-16
166,UZ,2024-02-26
167,GE,2025-06-11
168,DE,2024-05-22
169,GE,2024-09-14
170,RU,2024-01-03
171,RU,2025-03-16
172,RU,2024-11-21
173,UZ,2025-09-25
174,KZ,2024-09-01
175,KZ,2024-05-29
176,RS,2024-05-01
177,KZ,2024-05-26
178,DE,2024-11-25
179,PL,2024-03-04
180,AM,2024-10-21
181,PL,2025-09-16
182,DE,2025-07-15
183,RS,2025-04-10
184,KZ,2025-10-14
185,RS,2025-07-24
186,RS,2025-04-22
187,DE,2025-09-22
188,RS,2024-03-31
189,DE,2025-08-21
190,GE,2024-08-03
191,KZ,2025-06-19
192,KZ,2025-10-29
193,AM,2024-12-28
194,GE,2024-03-05
195,PL,2024-09-27
196,RU,2024-10-24
197,GE,2025-11-15
198,RU,2025-11-19
199,GE,2025-02-19
200,PL,2025-11-25
201,GE,2024-11-14
202,PL,2024-10-27
203,RS,2025-09-03
204,KZ,2025-05-02
205,RS,2025-01-16
206,GE,2024-11-29
207,UZ,2025-05-30
208,PL,2025-07-04
209,GE,2024-12-24
210,UZ,2024-01-24
211,GE,2024-03-15
212,KZ,2024-04-15
213,UZ,2024-12-03
214,RS,2025-03-24
215,KZ,2025-08-10
216,GE,2024-06-18
217,RU,2025-07-29
218,RU,2025-05-01
219,RS,2024-02-07
220,PL,2024-09-13
221,DE,2024-08-09
222,RS,2025-10-10
223,KZ,2025-11-04
224,DE,2025-08-21
225,KZ,2025-01-20
226,GE,2024-12-26
227,UZ,2024-08-15
228,AM,2025-07-18
229,AM,2024-03-04
230,DE,2024-07-17
231,RS,2024-04-08
232,UZ,2024-12-27
233,RU,2024-08-07
234,UZ,2024-05-24
235,RS,2024-10-02
236,KZ,2025-09-21
237,KZ,2025-02-11
238,RS,2025-08-24
239,GE,2025-10-30
240,KZ,2025-10-21
241,DE,2024-09-13
242,AM,2025-10-03
243,RU,2025-10-26
244,KZ,2025-12-02
245,KZ,2024-09-13
246,RU,2024-06-15
247,UZ,2025-03-03
248,RS,2025-11-12
249,UZ,2025-10-20
250,RU,2025-02-21
251,DE,2024-04-19
252,RS,2024-11-04
253,DE,2025-06-06
254,GE,2025-02-13
255,KZ,2024-09-09
256,DE,2024-09-07
257,KZ,2024-02-13
258,RU,2024-07-29
259,DE,2025-05-04
260,AM,2024-06-25
261,UZ,2025-12-27
262,DE,2024-03-01
263,GE,2025-03-06
264,PL,2024-12-28
265,PL,2025-09-01
266,AM,2025-10-10
267,RS,2025-02-01
268,GE,2025-04-05
269,AM,2025-05-25
270,AM,2025-01-15
271,GE,2024-05-15
272,RU,2024-11-09
273,DE,2024-06-25
274,PL,2024-12-05
275,RS,2025-03-25
276,RS,2024-06-01
277,RS,2024-07-01
278,UZ,2025-08-24
279,RU,2024-10-03
280,RU,2024-05-25
281,GE,2025-06-05
282,RS,2025-06-07
283,KZ,2025-08-26
284,RS,2025-07-09
285,RS,2025-12-26
286,PL,2025-02-24
287,DE,2024-07-28
288,AM,2025-09-22
289,AM,2024-07-12
290,RS,2024-07-31
291,UZ,2025-08-28
292,GE,2025-10-06
293,PL,2024-09-05
294,GE,2025-06-17
295,AM,2025-11-05
296,AM,2025-08-06
297,UZ,2024-01-04
298,RS,2025-04-30
299,GE,2024-05-04
300,RU,2025-09-10
301,GE,2024-02-19
302,UZ,2025-12-26
303,RU,2024-05-09
304,PL,2024-11-03
305,AM,2024-06-20
306,DE,2025-08-17
307,GE,2024-10-14
308,AM,2025-06-28
309,GE,2024-02-19
310,RU,2024-11-27
311,KZ,2025-10-27
312,KZ,2025-11-08
313,RU,2024-06-01
314,GE,2024-10-15
315,DE,2024-10-26
316,KZ,2025-02-17
317,KZ,2025-01-27
318,KZ,2024-03-18
319,PL,2025-07-11
320,UZ,2024-06-14
321,GE,2024-08-18
322,RU,2025-09-06
323,AM,2025-05-19
324,PL,2024-10-16
325,PL,2025-10-29
326,DE,2024-10-15
327,DE,2025-02-17
328,RU,2024-06-28
329,DE,2024-05-13
330,AM,2024-12-25
331,AM,2025-02-15
332,GE,2025-08-12
333,GE,2024-10-12
334,UZ,2025-10-16
335,RS,2025-03-19
336,UZ,2024-02-21
337,PL,2025-06-24
338,GE,2025-02-24
339,DE,2024-10-11
340,PL,2024-12-07
341,KZ,2024-08-08
342,GE,2025-03-25
343,AM,2025-02-18
344,AM,2024-11-22
345,PL,2024-07-27
346,GE,2024-10-18
347,PL,2024-12-29
348,PL,2024-12-10
349,DE,2024-08-14
350,DE,2025-03-01
351,AM,2024-06-14
352,RU,2025-01-01
353,GE,2024-03-29
354,RS,2024-12-11
355,PL,2025-07-27
356,PL,2025-08-20
357,DE,2025-05-22
358,PL,2025-06-29
359,RU,2024-02-18
360,KZ,2024-09-06
361,UZ,2025-04-23
362,PL,2025-08-08
363,DE,2025-03-02
364,PL,2025-09-16
365,RU,2024-07-18
366,AM,2024-04-22
367,RS,2024-03-04
368,GE,2025-03-01
369,RU,2025-05-01
370,UZ,2024-07-27
371,GE,2025-07-26
372,KZ,2025-06-24
373,RS,2024-09-20
374,GE,2024-06-23
375,PL,2025-06-26
376,RU,2025-05-05
377,KZ,2024-05-04
378,KZ,2024-07-05
379,RS,2024-12-21
380,GE,2025-01-08
381,RU,2024-05-01
382,PL,2025-11-24
383,PL,2024-10-11
384,DE,2024-10-05
385,RU,2024-02-14
386,RU,2025-10-02
387,RU,2024-06-20
388,UZ,2025-12-22
389,PL,2024-12-28
390,DE,2025-10-01
391,KZ,2024-05-10
392,DE,2024-05-01
393,GE,2025-08-08
394,AM,2025-08-22
395,KZ,2025-02-01
396,UZ,2024-01-24
397,RU,2025-11-20
398,DE,2024-10-14
399,GE,2025-11-15
400,GE,2025-09-28
401,PL,2025-09-14
402,UZ,2025-05-18
403,GE,2025-05-07
404,PL,2025-01-24
405,RS,2024-01-19
406,AM,2024-10-10
407,RS,2025-06-18
408,DE,2025-08-16
409,PL,2025-02-13
410,RU,2025-06-02
411,DE,2024-01-16
412,DE,2024-12-08
413,GE,2025-01-06
414,DE,2025-10-14
415,RU,2024-08-15
416,KZ,2024-06-17
417,PL,2024-09-14
418,RU,2024-05-04
419,GE,2025-02-12
420,AM,2025-04-14
421,PL,2025-08-08
422,KZ,2025-12-11
423,UZ,2024-02-23
424,AM,2024-06-29
425,RS,2024-08-07
426,DE,2024-07-01
427,UZ,2025-08-27
428,UZ,2024-04-11
429,RU,2024-01-22
430,KZ,2025-09-21
431,RU,2025-12-03
432,KZ,2024-06-14
433,UZ,2024-08-31
434,DE,2025-01-02
435,RS,2025-01-19
436,RU,2025-12-25
437,AM,2024-10-22
438,PL,2024-01-09
439,RU,2024-11-05
440,RS,2025-02-10
441,PL,2025-01-12
442,GE,2025-01-09
443,DE,2025-11-05
444,RS,2025-08-13
445,AM,2024-07-02
446,KZ,2024-09-16
447,GE,2025-05-03
448,PL,2024-10-26
449,AM,2024-11-09
450,GE,2024-05-02
451,PL,2024-07-04
452,PL,2025-06-25
453,RS,2025-09-08
454,RU,2025-07-27
455,AM,2024-08-13
456,AM,2024-04-09
457,DE,2024-04-26
458,KZ,2024-10-14
459,UZ,2025-01-13
460,RU,2025-10-14
461,KZ,2025-10-19
462,DE,2024-01-02
463,KZ,2025-06-01
464,RS,2024-08-06
465,RU,2024-05-24
466,PL,2025-02-09
467,DE,2024-01-25
468,AM,2024-09-01
469,DE,2025-02-07
470,PL,2024-07-17
471,KZ,2025-03-09
472,UZ,2024-12-02
473,RS,2025-08-07
474,RS,2024-05-12
475,KZ,2024-02-11
476,UZ,2025-01-22
477,UZ,2024-07-06
478,RU,2025-05-31
479,KZ,2024-03-09
480,RU,2025-02-24
481,GE,2025-12-24
482,UZ,2024-03-09
483,GE,2024-08-08
484,UZ,2025-09-09
485,RS,2025-01-25
486,DE,2024-05-07
487,GE,2024-06-04
488,AM,2025-07-13
489,UZ,2025-09-21
490,AM,2024-09-20
491,PL,2024-12-12
492,UZ,2025-07-26
493,UZ,2024-05-09
494,AM,2024-05-30
495,GE,2025-07-20
496,RS,2024-05-16
497,RU,2025-07-17
498,GE,2024-12-29
499,PL,2025-12-24
500,RS,2024-01-25
501,RU,2025-11-22
502,KZ,2024-06-13
503,PL,2024-01-26
504,UZ,2025-06-13
505,GE,2025-01-24
506,RS,2025-09-04
507,AM,2024-03-20
508,DE,2024-02-29
509,GE,2025-02-18
510,DE,2025-10-06
511,PL,2024-10-23
512,KZ,2025-08-05
513,UZ,2025-10-24
514,UZ,2025-09-27
515,PL,2025-01-06
516,RU,2025-05-25
517,PL,2025-01-19
518,RU,2025-05-07
519,RS,2025-02-18
520,AM,2025-01-18
521,GE,2024-11-15
522,DE,2025-04-22
523,DE,2025-07-03
524,UZ,2025-11-02
525,GE,2025-03-24
526,GE,2024-03-14
527,PL,2025-03-05
528,DE,2024-08-18
529,PL,2024-01-20
530,PL,2024-02-22
531,AM,2025-03-08
532,DE,2025-11-21
533,DE,2025-01-04
534,GE,2024-11-21
535,AM,2024-03-05
536,DE,2025-05-08
537,RS,2024-02-10
538,RU,2025-09-06
539,AM,2025-08-19
540,RU,2025-12-25
541,KZ,2024-07-26
542,RU,2024-04-28
543,DE,2024-08-06
544,DE,2025-08-07
545,UZ,2024-06-08
546,RU,2025-10-10
547,RS,2024-04-22
548,AM,2024-02-05
549,AM,2024-06-09
550,KZ,2025-07-05
551,UZ,2025-03-16
552,RS,2024-09-16
553,UZ,2025-04-24
554,GE,2025-04-19
555,PL,2025-02-09
556,AM,2025-01-10
557,KZ,2024-03-15
558,PL,2024-07-08
559,UZ,2025-01-20
560,UZ,2024-04-08
561,AM,2024-12-13
562,RU,2024-03-26
563,RS,2025-07-29
564,DE,2024-03-16
565,PL,2024-03-08
566,DE,2025-04-11
567,DE,2024-06-10
568,DE,2024-09-13
569,KZ,2024-08-17
570,AM,2024-06-07
571,PL,2025-07-10
572,RS,2025-05-20
573,GE,2024-06-23
574,RU,2025-05-17
575,RU,2025-06-05
576,GE,2025-01-29
577,PL,2025-02-26
578,AM,2025-11-14
579,PL,2024-11-27
580,RU,2024-10-08
581,RU,2025-01-29
582,UZ,2025-09-03
583,RU,2025-06-02
584,RU,2024-02-24
585,RS,2024-12-01
586,PL,2025-06-24
587,KZ,2024-06-12
588,RU,2025-12-23
589,UZ,2025-08-13
590,UZ,2025-09-10
591,UZ,2024-02-29
592,PL,2025-02-27
593,DE,2025-01-20
594,PL,2025-04-03
595,GE,2025-09-13
596,UZ,2024-09-15
597,AM,2025-01-25
598,UZ,2025-05-11
599,KZ,2025-07-04
600,KZ,2025-07-17
601,AM,2024-09-03
602,UZ,2025-12-30
603,KZ,2024-01-08
604,DE,2024-12-25
605,UZ,2025-03-21
606,AM,2024-02-14
607,GE,2024-11-25
608,AM,2025-03-11
609,PL,2025-03-20
610,UZ,2024-03-28
611,UZ,2024-07-21
612,RS,2024-06-27
613,UZ,2025-04-12
614,RS,2024-08-28
615,KZ,2025-02-21
616,KZ,2025-06-18
617,DE,2025-08-05
618,GE,2024-05-14
619,RU,2025-10-22
620,DE,2024-05-01
621,RS,2024-01-16
622,RS,2024-02-02
623,DE,2024-05-26
624,RS,2025-09-30
625,AM,2024-05-31
626,DE,2025-05-21
627,GE,2024-11-01
628,GE,2024-01-30
629,AM,2024-11-20
630,GE,2024-01-21
631,KZ,2024-12-14
632,GE,2025-02-12
633,RS,2025-01-16
634,RS,2024-07-25
635,DE,2025-07-14
636,KZ,2025-03-12
637,DE,2024-07-05
638,GE,2024-11-13
639,UZ,2024-03-20
640,PL,2025-11-05
641,KZ,2025-07-04
642,PL,2024-07-29
643,UZ,2025-05-08
644,RS,2025-05-11
645,UZ,2025-03-21
646,GE,2024-02-09
647,RS,2025-10-04
648,AM,2025-11-29
649,PL,2025-12-13
650,UZ,2025-12-17
651,RS,2025-11-09
652,KZ,2025-06-24
653,DE,2024-02-11
654,UZ,2024-12-06
655,AM,2024-06-28
656,AM,2024-06-09
657,UZ,2025-08-30
658,KZ,2025-08-16
659,RU,2025-01-16
660,GE,2025-06-22
661,DE,2024-04-04
662,KZ,2024-06-11
663,RU,2025-09-21
664,DE,2024-11-25
665,AM,2025-02-03
666,KZ,2024-12-04
667,AM,2024-05-27
668,UZ,2025-08-27
669,PL,2025-07-08
670,DE,2025-05-14
671,PL,2024-09-15
672,AM,2025-04-15
673,KZ,2025-11-27
674,RU,2025-04-20
675,AM,2024-12-27
676,KZ,2024-07-16
677,AM,2025-01-17
678,RU,2024-09-28
679,AM,2025-03-22
680,PL,2024-02-03
681,KZ,2024-05-19
682,DE,2025-07-29
683,PL,2024-10-05
684,PL,2024-11-12
685,DE,2025-02-01
686,UZ,2024-11-16
687,RS,2025-07-08
688,AM,2024-06-28
689,RS,2025-07-08
690,UZ,2024-06-02
691,PL,2024-09-27
692,UZ,2025-03-05
693,PL,2025-10-09
694,PL,2024-06-18
695,RU,2025-03-05
696,GE,2024-02-16
697,KZ,2024-02-25
698,AM,2025-07-15
699,RU,2025-06-09
700,RU,2024-10-02
701,AM,2025-03-31
702,AM,2024-10-04
703,DE,2024-07-21
704,DE,2024-11-11
705,DE,2024-08-15
706,AM,2025-08-18
707,RU,2024-10-27
708,AM,2024-08-22
709,RS,2025-01-26
710,RS,2025-07-08
711,KZ,2024-07-19
712,AM,2025-11-17
713,KZ,2024-12-04
714,UZ,2025-04-28
715,PL,2025-11-30
716,UZ,2024-11-11
717,AM,2024-05-26
718,RS,2025-06-30
719,DE,2024-01-05
720,AM,2024-11-30
721,DE,2025-12-17
722,PL,2024-10-29
723,UZ,2025-05-15
724,RU,2025-01-18
725,UZ,2024-06-05
726,RU,2024-08-20
727,KZ,2025-01-17
728,RU,2024-03-17
729,RS,2024-10-30
730,KZ,2024-10-30
731,KZ,2025-09-02
732,RS,2024-03-31
733,PL,2025-09-08
734,UZ,2024-10-27
735,DE,2025-04-21
736,KZ,2025-02-11
737,KZ,2024-08-07
738,GE,2025-11-11
739,KZ,2024-06-13
740,PL,2024-01-27
741,UZ,2025-07-02
742,UZ,2025-03-30
743,KZ,2025-10-12
744,GE,2024-11-30
745,UZ,2024-01-13
746,GE,2024-01-15
747,AM,2024-11-12
748,GE,2024-07-01
749,GE,2025-11-05
750,DE,2024-03-27
751,PL,2025-10-05
752,DE,2024-06-07
753,RU,2024-03-28
754,PL,2024-07-19
755,AM,2024-04-15
756,RS,2024-10-20
757,KZ,2024-08-29
758,RS,2025-01-21
759,DE,2025-01-27
760,KZ,2024-01-01
761,DE,2024-04-01
762,AM,2024-04-28
763,PL,2024-05-22
764,PL,2024-03-09
765,GE,2024-08-17
766,UZ,2025-02-05
767,AM,2024-08-13
768,RS,2024-08-28
769,DE,2024-12-09
770,RS,2025-02-04
771,KZ,2024-08-29
772,PL,2024-06-11
773,RU,2024-10-26
774,KZ,2024-01-18
775,UZ,2024-12-26
776,PL,2025-11-19
777,RS,2024-10-17
778,RU,2024-03-20
779,GE,2025-05-31
780,UZ,2024-04-02
781,PL,2024-05-21
782,KZ,2024-04-17
783,RU,2025-10-07
784,RU,2025-12-18
785,RS,2025-02-20
786,AM,2025-03-27
787,RU,2025-04-16
788,KZ,2025-03-22
789,AM,2025-02-01
790,RU,2025-12-22
791,RU,2025-06-19
792,RS,2024-03-05
793,KZ,2024-10-13
794,UZ,2025-12-13
795,RS,2024-10-22
796,GE,2024-05-29
797,PL,2025-09-26
798,RS,2025-03-31
799,GE,2025-02-15
800,RS,2024-11-03
801,RU,2024-03-31
802,GE,2024-10-07
803,AM,2024-11-15
804,PL,2025-11-11
805,KZ,2024-08-12
806,UZ,2024-04-19
807,AM,2024-11-08
808,RU,2025-12-29
809,RS,2024-12-18
810,PL,2024-10-04
811,RU,2025-05-02
812,PL,2025-04-19
813,KZ,2024-08-06
814,GE,2025-12-08
815,UZ,2025-03-09
816,UZ,2024-02-12
817,RU,2024-10-24
818,RU,2025-11-05
819,KZ,2024-10-14
820,PL,2025-02-19
821,RU,2025-03-23
822,KZ,2025-05-29
823,DE,2025-09-29
824,KZ,2024-04-19
825,AM,2025-01-12
826,RU,2025-01-24
827,KZ,2024-04-21
828,PL,2025-05-07
829,UZ,2024-03-27
830,RU,2024-11-29
831,DE,2024-08-29
832,DE,2024-04-23
833,RS,2025-08-24
834,DE,2024-06-27
835,UZ,2024-07-05
836,UZ,2025-09-16
837,UZ,2025-10-03
838,DE,2024-01-26
839,RU,2024-07-22
840,PL,2025-06-02
841,GE,2025-07-22
842,KZ,2025-12-31
843,PL,2025-02-09
844,RU,2024-01-06
845,RU,2025-09-30
846,RU,2024-04-27
847,DE,2024-03-29
848,RU,2025-05-07
849,UZ,2025-03-17
850,AM,2024-02-13
851,PL,2024-05-03
852,UZ,2025-03-07
853,PL,2024-07-05
854,DE,2025-05-15
855,GE,2024-10-27
856,UZ,2025-03-05
857,DE,2024-12-13
858,RU,2024-09-23
859,KZ,2024-09-07
860,UZ,2025-05-24
861,PL,2025-01-11
862,PL,2025-03-10
863,RU,2025-02-26
864,UZ,2024-05-31
865,UZ,2025-10-29
866,KZ,2025-02-15
867,UZ,2025-06-08
868,UZ,2025-10-06
869,RS,2025-11-06
870,RU,2025-05-02
871,RS,2025-07-29
872,DE,2024-12-10
873,RU,2025-06-23
874,RU,2024-08-23
875,KZ,2025-06-04
876,AM,2024-03-03
877,AM,2025-10-30
878,KZ,2024-06-27
879,AM,2025-04-24
880,KZ,2024-01-09
881,RU,2024-04-23
882,UZ,2025-12-22
883,RS,2025-09-01
884,DE,2024-06-11
885,UZ,2024-04-05
886,KZ,2025-08-18
887,RU,2025-12-24
888,DE,2024-05-03
889,RU,2025-04-30
890,GE,2024-07-26
891,RU,2025-06-28
892,KZ,2024-11-01
893,AM,2024-04-01
894,PL,2024-08-25
895,KZ,2025-01-28
896,AM,2025-08-06
897,AM,2024-01-16
898,RU,2025-12-01
899,RU,2025-04-19
900,AM,2025-10-01
901,RU,2025-11-10
902,RU,2024-04-22
903,DE,2024-03-09
904,PL,2025-07-21
905,RS,2024-05-17
906,KZ,2024-04-18
907,RS,2024-12-08
908,DE,2025-10-29
909,GE,2025-08-04
910,RU,2025-01-13
911,UZ,2024-05-23
912,DE,2024-09-02
913,RS,2025-05-18
914,PL,2024-04-24
915,AM,2025-01-18
916,RS,2024-01-09
917,AM,2024-08-25
918,UZ,2024-06-30
919,GE,2025-05-12
920,KZ,2025-10-30
921,UZ,2024-04-17
922,AM,2025-08-05
923,RS,2025-04-24
924,DE,2025-12-09
925,DE,2025-10-28
926,PL,2024-03-14
927,AM,2025-06-27
928,GE,2025-03-08
929,RS,2024-03-23
930,AM,2024-07-06
931,AM,2025-11-08
932,KZ,2025-01-31
933,GE,2024-09-04
934,KZ,2024-08-22
935,RS,2025-09-04
936,PL,2024-07-26
937,DE,2024-04-26
938,DE,2025-02-23
939,RS,2025-12-26
940,AM,2024-05-14
941,KZ,2024-07-05
942,RS,2024-12-08
943,PL,2024-05-26
944,RS,2025-04-20
945,DE,2024-07-04
946,RU,2024-04-03
947,PL,2024-07-09
948,DE,2025-11-11
949,PL,2025-11-14
950,GE,2025-01-04
951,RU,2024-10-19
952,GE,2025-08-22
953,AM,2024-05-22
954,RS,2025-04-23
955,UZ,2025-05-12
956,AM,2025-06-03
957,RS,2024-06-08
958,KZ,2025-06-07
959,PL,2025-03-23
960,RS,2025-10-01
961,DE,2024-05-07
962,RS,2025-03-24
963,UZ,2025-08-29
964,DE,2024-07-22
965,PL,2025-06-27
966,AM,2024-03-13
967,AM,2025-06-08
968,GE,2025-03-19
969,PL,2024-05-20
970,RU,2024-02-18
971,GE,2025-06-28
972,RS,2024-06-25
973,RS,2024-12-29
974,RS,2024-02-14
975,DE,2025-12-05
976,DE,2025-02-05
977,RU,2025-11-11
978,AM,2024-04-27
979,GE,2024-05-30
980,AM,2025-03-22
981,AM,2025-03-17
982,KZ,2025-08-01
983,AM,2025-11-09
984,KZ,2025-08-23
985,AM,2024-04-12
986,KZ,2024-08-14
987,AM,2025-10-30
988,GE,2025-02-05
989,DE,2025-09-25
990,UZ,2025-02-15
991,GE,2024-02-06
992,AM,2024-12-11
993,DE,2025-08-25
994,RS,2025-04-23
995,AM,2024-04-07
996,KZ,2024-06-02
997,AM,2025-09-16
998,GE,2025-12-16
999,PL,2025-07-04
1000,AM,2024-03-12
1001,UZ,2025-03-28
1002,KZ,2025-08-29
1003,AM,2025-04-12
1004,PL,2025-03-10
1005,DE,2024-12-07
1006,PL,2024-06-27
1007,UZ,2024-07-24
1008,AM,2025-06-29
1009,KZ,2024-02-21
1010,AM,2024-03-02
1011,GE,2024-10-16
1012,UZ,2025-07-20
1013,DE,2025-04-25
1014,GE,2025-03-07
1015,AM,2025-01-25
1016,UZ,2024-03-21
1017,RS,2024-08-30
1018,RS,2024-02-28
1019,RU,2025-07-08
1020,RU,2025-07-02
1021,RU,2024-07-07
1022,RU,2024-08-02
1023,UZ,2024-08-20
1024,UZ,2025-10-12
1025,UZ,2024-12-23
1026,RU,2025-07-11
1027,RU,2024-11-24
1028,GE,2025-05-25
1029,AM,2025-01-21
1030,GE,2024-07-22
1031,RS,2025-10-02
1032,DE,2025-06-02
1033,KZ,2025-07-16
1034,GE,2025-11-24
1035,RU,2024-06-30
1036,KZ,2024-03-07
1037,PL,2025-03-01
1038,RU,2024-08-26
1039,RS,2024-11-14
1040,UZ,2024-06-20
1041,KZ,2024-10-18
1042,UZ,2024-10-14
1043,RS,2024-09-13
1044,GE,2025-06-26
1045,KZ,2025-03-09
1046,DE,2024-12-12
1047,DE,2024-03-23
1048,AM,2025-02-21
1049,KZ,2024-05-07
1050,RU,2024-08-17
1051,AM,2024-10-30
1052,GE,2024-04-13
1053,AM,2024-10-11
1054,PL,2024-07-14
1055,RU,2025-09-13
1056,PL,2025-09-20
1057,RS,2024-01-04
1058,UZ,2025-03-16
1059,RS,2025-04-13
1060,GE,2024-10-03
1061,UZ,2024-12-08
1062,KZ,2025-07-31
1063,DE,2024-10-03
1064,KZ,2024-02-17
1065,UZ,2024-09-29
1066,RS,2024-07-04
1067,PL,2024-10-06
1068,KZ,2024-06-17
1069,GE,2024-04-19
1070,RU,2025-12-21
1071,KZ,2024-04-04
1072,DE,2025-05-31
1073,UZ,2025-06-08
1074,AM,2025-03-27
1075,RS,2025-10-28
1076,DE,2024-01-04
1077,KZ,2024-08-08
1078,DE,2024-05-14
1079,RS,2025-02-25
1080,UZ,2025-04-09
1081,PL,2025-10-18
1082,PL,2024-10-04
1083,PL,2024-06-21
1084,AM,2025-11-06
1085,DE,2025-05-06
1086,UZ,2025-07-13
1087,UZ,2024-11-21
1088,PL,2024-11-23
1089,KZ,2024-10-11
1090,DE,2025-07-01
1091,AM,2024-06-02
1092,RS,2025-12-14
1093,UZ,2024-05-08
1094,RS,2024-12-02
1095,GE,2024-08-17
1096,RU,2025-04-14
1097,UZ,2025-05-12
1098,UZ,2025-11-02
1099,RU,2025-07-30
1100,RS,2024-06-30
1101,RS,2024-05-31
1102,RS,2025-10-10
1103,PL,2024-12-22
1104,DE,2024-03-12
1105,GE,2025-08-26
1106,DE,2025-04-19
1107,DE,2024-01-19
1108,PL,2025-07-26
1109,PL,2025-03-19
1110,RU,2025-03-25
1111,KZ,2025-09-24
1112,DE,2024-12-28
1113,DE,2024-12-03
1114,GE,2025-03-27
1115,DE,2024-05-24
1116,RS,2024-04-20
1117,PL,2025-09-08
1118,AM,2024-06-06
1119,KZ,2025-01-03
1120,RS,2024-07-16
1121,RU,2024-06-17
1122,RU,2025-03-12
1123,GE,2025-08-09
1124,DE,2024-11-19
1125,UZ,2024-04-11
1126,UZ,2024-06-27
1127,UZ,2024-04-30
1128,KZ,2025-10-07
1129,AM,2024-08-21
1130,KZ,2024-09-30
1131,RS,2024-02-21
1132,KZ,2024-11-22
1133,UZ,2025-10-30
1134,UZ,2024-10-26
1135,AM,2025-04-21
1136,RU,2024-05-13
1137,KZ,2024-04-14
1138,GE,2025-06-18
1139,KZ,2024-02-18
1140,AM,2024-11-23
1141,PL,2024-08-19
1142,GE,2024-01-12
1143,PL,2025-01-23
1144,UZ,2025-12-05
1145,GE,2024-02-20
1146,RS,2025-08-19
1147,AM,2025-01-29
1148,UZ,2025-06-12
1149,KZ,2024-03-11
1150,UZ,2025-09-27
1151,GE,2024-01-09
1152,AM,2025-10-24
1153,RS,2025-04-25
1154,PL,2024-09-03
1155,GE,2024-01-06
1156,AM,2025-03-22
1157,RU,2024-03-04
1158,UZ,2025-03-21
1159,RS,2025-07-19
1160,GE,2024-07-14
1161,AM,2024-06-23
1162,RS,2024-06-11
1163,UZ,2024-06-13
1164,AM,2024-03-24
1165,AM,2024-07-01
1166,RU,2025-04-26
1167,RU,2024-08-09
1168,RS,2025-07-24
1169,PL,2025-08-21
1170,PL,2025-07-10
1171,KZ,2025-01-29
1172,KZ,2024-08-19
1173,RS,2025-11-10
1174,DE,2024-05-30
1175,RU,2024-12-05
1176,GE,2024-11-27
1177,GE,2025-06-29
1178,DE,2025-02-03
1179,GE,2025-08-07
1180,RU,2025-11-02
1181,AM,2024-10-12
1182,PL,2025-10-01
1183,KZ,2024-05-04
1184,RS,2025-10-31
1185,RS,2024-05-10
1186,GE,2025-09-13
1187,DE,2024-10-12
1188,AM,2025-12-06
1189,AM,2024-04-04
1190,RU,2024-12-06
1191,RS,2025-10-21
1192,GE,2024-02-04
1193,DE,2024-07-12
1194,KZ,2024-03-02
1195,AM,2024-08-22
1196,KZ,2024-10-12
1197,KZ,2025-03-28
1198,PL,2024-07-07
1199,UZ,2024-04-25
1200,AM,2024-05-04
1201,PL,2025-11-16
1202,RS,2025-11-27
1203,PL,2024-06-10
1204,UZ,2024-05-22
1205,KZ,2024-02-09
1206,PL,2025-12-02
1207,AM,2025-05-31
1208,KZ,2025-07-10
1209,GE,2024-07-31
1210,PL,2025-04-13
1211,AM,2024-02-13
1212,UZ,2025-05-09
1213,RS,2025-02-27
1214,UZ,2024-08-30
1215,RU,2025-06-03
1216,RU,2025-04-17
1217,AM,2024-11-16
1218,KZ,2024-05-16
1219,UZ,2024-01-18
1220,RS,2025-11-16
1221,KZ,2024-07-24
1222,AM,2024-08-08
1223,PL,2025-05-12
1224,KZ,2024-07-05
1225,RS,2024-10-01
1226,PL,2025-06-03
1227,RU,2025-03-11
1228,PL,2025-04-24
1229,DE,2024-01-04
1230,GE,2024-11-25
1231,UZ,2024-12-13
1232,KZ,2025-04-07
1233,PL,2024-04-20
1234,KZ,2024-04-26
1235,KZ,2025-07-11
1236,GE,2025-05-07
1237,RU,2025-08-15
1238,RU,2024-07-16
1239,GE,2025-12-30
1240,RU,2024-07-18
1241,AM,2025-04-20
1242,UZ,2024-04-28
1243,PL,2025-11-02
1244,RS,2024-08-30
1245,PL,2025-08-09
1246,PL,2024-08-30
1247,UZ,2025-08-01
1248,RS,2024-11-28
1249,GE,2024-02-15
1250,PL,2024-05-19
1251,DE,2025-05-14
1252,RS,2024-05-21
1253,RU,2024-07-20
1254,UZ,2025-01-31
1255,KZ,2024-07-03
1256,RU,2024-04-04
1257,DE,2025-04-01
1258,AM,2025-05-18
1259,AM,2025-06-19
1260,UZ,2025-11-21
1261,GE,2024-04-01
1262,PL,2024-11-07
1263,RS,2024-06-20
1264,UZ,2025-10-20
1265,DE,2025-01-29
1266,RU,2024-03-12
1267,RU,2025-05-20
1268,GE,2024-02-01
1269,PL,2024-07-19
1270,RU,2025-06-11
1271,GE,2025-01-04
1272,RU,2025-07-10
1273,PL,2025-02-21
1274,KZ,2025-09-08
1275,UZ,2025-02-15
1276,KZ,2024-02-11
1277,KZ,2024-02-22
1278,UZ,2025-07-21
1279,RU,2024-01-29
1280,UZ,2024-10-02
1281,KZ,2024-01-12
1282,KZ,2024-08-09
1283,RS,2025-03-11
1284,UZ,2024-05-06
1285,RS,2024-12-06
1286,RU,2025-12-29
1287,PL,2024-02-21
1288,DE,2024-02-16
1289,RU,2024-07-17
1290,AM,2025-08-27
1291,DE,2024-10-23
1292,UZ,2025-04-12
1293,RS,2024-01-25
1294,RU,2025-06-21
1295,PL,2024-02-19
1296,AM,2025-06-04
1297,GE,2024-04-18
1298,KZ,2025-09-19
1299,AM,2024-08-04
1300,RU,2024-05-14
1301,UZ,2024-09-03
1302,RS,2024-01-01
1303,KZ,2024-04-30
1304,PL,2025-03-13
1305,AM,2024-08-07
1306,KZ,2024-09-15
1307,GE,2025-08-13
1308,DE,2024-03-31
1309,RS,2024-10-16
1310,UZ,2024-05-16
1311,AM,2024-12-18
1312,GE,2024-08-30
1313,UZ,2024-02-03
1314,UZ,2024-02-21
1315,PL,2025-09-15
1316,GE,2024-02-11
1317,KZ,2025-07-26
1318,AM,2025-10-31
1319,RS,2024-12-06
1320,RS,2024-08-16
1321,RU,2025-07-21
1322,GE,2025-12-19
1323,AM,2024-03-29
1324,PL,2025-12-05
1325,UZ,2025-11-20
1326,DE,2024-04-14
1327,KZ,2024-02-10
1328,RU,2025-06-06
1329,KZ,2024-02-26
1330,GE,2025-03-15
1331,RS,2024-02-17
1332,KZ,2025-05-19
1333,RS,2024-06-18
1334,UZ,2024-03-11
1335,AM,2024-02-18
1336,PL,2024-05-17
1337,KZ,2025-01-30
1338,GE,2024-02-26
1339,UZ,2025-08-09
1340,RS,2025-03-17
1341,AM,2024-08-05
1342,DE,2025-12-22
1343,RU,2025-04-26
1344,AM,2025-05-06
1345,DE,2024-05-07
1346,PL,2025-06-03
1347,UZ,2025-02-12
1348,KZ,2025-12-20
1349,KZ,2024-12-15
1350,AM,2025-05-10
1351,RU,2024-09-06
1352,RS,2024-01-30
1353,RS,2024-04-03
1354,PL,2025-09-25
1355,DE,2025-06-23
1356,RS,2024-09-23
1357,GE,2025-05-25
1358,DE,2024-01-04
1359,RU,2024-01-28
1360,GE,2025-01-05
1361,RU,2025-04-01
1362,RU,2025-11-15
1363,GE,2025-07-09
1364,DE,2024-07-07
1365,AM,2025-08-18
1366,RU,2024-12-25
1367,GE,2025-08-26
1368,RS,2024-05-07
1369,PL,2024-01-20
1370,KZ,2024-02-12
1371,PL,2025-12-25
1372,GE,2024-02-28
1373,RS,2025-11-17
1374,RS,2025-06-15
1375,PL,2024-04-16
1376,PL,2025-09-23
1377,PL,2024-04-15
1378,UZ,2024-04-14
1379,AM,2025-02-24
1380,AM,2024-07-29
1381,PL,2024-07-31
1382,GE,2024-05-22
1383,GE,2025-03-20
1384,PL,2024-01-20
1385,RS,2024-06-28
1386,DE,2025-02-08
1387,AM,2024-12-21
1388,GE,2025-05-26
1389,PL,2024-06-07
1390,PL,2025-04-18
1391,GE,2025-07-09
1392,AM,2024-10-10
1393,PL,2024-07-06
1394,KZ,2025-02-09
1395,DE,2025-02-27
1396,AM,2024-03-09
1397,AM,2025-02-17
1398,KZ,2024-04-22
1399,RU,2025-02-19
1400,GE,2025-11-12
1401,UZ,2025-01-27
1402,DE,2025-07-10
1403,GE,2024-08-14
1404,GE,2025-11-05
1405,DE,2025-08-17
1406,DE,2025-11-01
1407,GE,2025-06-26
1408,UZ,2025-04-19
1409,RU,2025-01-18
1410,GE,2025-11-09
1411,RU,2025-09-12
1412,AM,2024-10-31
1413,GE,2024-03-03
1414,UZ,2024-01-03
1415,AM,2024-06-19
1416,UZ,2024-02-15
1417,KZ,2024-06-03
1418,RS,2024-03-21
1419,UZ,2025-12-18
1420,RS,2024-03-10
1421,PL,2025-04-03
1422,PL,2024-09-14
1423,AM,2024-05-07
1424,KZ,2025-05-27
1425,GE,2025-12-10
1426,UZ,2025-07-31
1427,KZ,2025-12-13
1428,PL,2025-03-07
1429,GE,2025-05-07
1430,UZ,2024-04-17
1431,RS,2025-09-15
1432,DE,2025-06-30
1433,DE,2024-07-04
1434,AM,2024-09-16
1435,GE,2025-03-22
1436,RU,2024-01-10
1437,RS,2025-08-20
1438,KZ,2024-07-24
1439,GE,2024-02-24
1440,PL,2024-08-29
1441,UZ,2025-09-02
1442,AM,2024-07-19
1443,PL,2025-01-29
1444,RS,2025-08-16
1445,DE,2024-01-25
1446,RU,2025-07-09
1447,PL,2024-07-30
1448,PL,2025-05-23
1449,KZ,2024-05-17
1450,RU,2024-04-11
1451,GE,2025-07-30
1452,RU,2025-08-13
1453,RU,2025-12-18
1454,DE,2025-05-10
1455,AM,2024-12-06
1456,RU,2024-05-22
1457,PL,2024-08-03
1458,RS,2025-04-18
1459,GE,2024-09-10
1460,AM,2024-12-19
1461,UZ,2024-05-02
1462,GE,2024-11-17
1463,RU,2024-06-22
1464,RU,2024-03-22
1465,UZ,2024-04-06
1466,RU,2025-01-13
1467,KZ,2024-09-24
1468,RS,2024-03-14
1469,UZ,2025-01-10
1470,RU,2024-04-30
1471,PL,2024-01-12
1472,KZ,2024-04-06
1473,RS,2024-11-23
1474,DE,2025-11-28
1475,PL,2024-06-25
1476,GE,2024-07-27
1477,RS,2024-06-26
1478,RS,2024-09-16
1479,DE,2025-06-08
1480,RS,2024-08-23
1481,DE,2025-04-25
1482,RU,2025-10-18
1483,GE,2025-11-22
1484,RU,2025-02-15
1485,RS,2025-06-05
1486,UZ,2025-11-02
1487,DE,2025-07-29
1488,RU,2024-08-07
1489,RU,2024-04-06
1490,AM,2024-03-24
1491,GE,2025-10-06
1492,RS,2025-02-10
1493,RU,2024-08-04
1494,GE,2024-09-09
1495,RS,2024-07-24
1496,RS,2025-08-09
1497,AM,2025-03-23
1498,UZ,2025-10-04
1499,RS,2024-08-08
1500,UZ,2024-12-11
1501,AM,2024-03-29
1502,GE,2025-12-11
1503,DE,2025-01-09
1504,GE,2025-02-08
1505,AM,2024-10-29
1506,DE,2024-07-17
1507,PL,2025-11-24
1508,RS,2024-12-23
1509,UZ,2025-05-08
1510,KZ,2024-01-28
1511,GE,2024-07-20
1512,DE,2025-08-10
1513,KZ,2024-03-05
1514,GE,2024-03-15
1515,DE,2025-08-14
1516,PL,2024-08-13
1517,RS,2024-07-19
1518,RU,2025-02-17
1519,RS,2024-05-22
1520,RS,2024-02-01
1521,UZ,2024-01-04
1522,KZ,2024-02-27
1523,DE,2024-04-25
1524,DE,2025-05-23
1525,AM,2024-08-05
1526,RU,2024-02-22
1527,GE,2024-01-11
1528,DE,2024-12-14
1529,RU,2025-09-06
1530,PL,2024-09-04
1531,RU,2024-02-16
1532,RU,2024-06-15
1533,PL,2024-12-31
1534,DE,2024-05-17
1535,UZ,2025-12-16
1536,RU,2025-07-12
1537,DE,2024-09-08
1538,RU,2025-11-26
1539,KZ,2024-08-25
1540,AM,2024-04-12
1541,RS,2025-11-16
1542,DE,2025-12-02
1543,RU,2024-08-16
1544,AM,2025-03-10
1545,DE,2024-05-06
1546,AM,2025-04-14
1547,KZ,2025-05-19
1548,UZ,2025-06-02
1549,RS,2025-02-19
1550,RU,2025-05-29
1551,GE,2025-02-09
1552,UZ,2025-08-22
1553,AM,2024-05-11
1554,AM,2024-12-19
1555,RS,2024-10-31
1556,DE,2025-01-24
1557,PL,2024-04-13
1558,UZ,2024-08-24
1559,PL,2025-11-28
1560,UZ,2024-03-17
1561,GE,2025-04-09
1562,GE,2025-04-30
1563,DE,2024-12-12
1564,PL,2024-01-25
1565,AM,2024-01-26
1566,RS,2024-07-20
1567,PL,2024-03-15
1568,AM,2024-03-09
1569,PL,2024-04-27
1570,PL,2024-05-19
1571,RU,2025-09-04
1572,GE,2025-04-11
1573,KZ,2024-01-23
1574,UZ,2025-04-04
1575,DE,2024-04-09
1576,GE,2024-11-03
1577,AM,2024-01-28
1578,UZ,2024-03-06
1579,RU,2024-04-06
1580,AM,2024-11-12
1581,GE,2024-12-04
1582,DE,2024-09-14
1583,AM,2025-03-29
1584,RS,2025-06-10
1585,KZ,2025-06-16
1586,GE,2025-02-27
1587,UZ,2025-02-02
1588,RU,2024-12-25
1589,UZ,2024-06-22
1590,RU,2024-12-21
1591,KZ,2024-01-08
1592,GE,2025-12-07
1593,RS,2024-09-27
1594,RU,2025-07-06
1595,KZ,2025-11-30
1596,DE,2024-12-29
1597,KZ,2025-09-21
1598,KZ,2024-12-16
1599,UZ,2024-04-06
1600,KZ,2024-01-20
1601,GE,2024-04-09
1602,KZ,2025-11-19
1603,UZ,2024-12-13
1604,GE,2024-08-21
1605,RU,2024-11-22
1606,PL,2024-07-06
1607,DE,2025-09-28
1608,AM,2025-12-31
1609,DE,2024-03-03
1610,DE,2025-06-09
1611,UZ,2024-09-02
1612,DE,2024-02-04
1613,KZ,2025-11-05
1614,KZ,2024-02-15
1615,RU,2024-05-30
1616,DE,2024-01-19
1617,UZ,2024-12-10
1618,AM,2025-03-14
1619,RU,2024-08-22
1620,PL,2024-02-22
1621,GE,2024-03-25
1622,RU,2025-11-13
1623,PL,2025-08-12
1624,RU,2025-11-15
1625,AM,2025-01-23
1626,PL,2025-02-03
1627,AM,2025-07-28
1628,AM,2025-03-26
1629,RS,2024-11-15
1630,DE,2024-08-01
1631,AM,2024-12-20
1632,PL,2024-02-16
1633,RU,2024-05-20
1634,PL,2025-06-23
1635,RS,2025-09-26
1636,AM,2024-03-15
1637,DE,2024-03-11
1638,AM,2024-03-03
1639,DE,2025-08-01
1640,GE,2024-08-15
1641,KZ,2024-08-26
1642,RU,2024-01-10
1643,RS,2025-12-11
1644,AM,2024-11-13
1645,DE,2025-08-05
1646,GE,2025-06-01
1647,GE,2024-04-13
1648,KZ,2025-08-08
1649,PL,2025-02-06
1650,UZ,2025-03-17
1651,DE,2024-05-26
1652,RU,2025-09-11
1653,RU,2025-11-12
1654,AM,2024-10-24
1655,DE,2024-03-08
1656,DE,2025-09-12
1657,UZ,2025-10-10
1658,UZ,2025-01-05
1659,UZ,2025-02-27
1660,GE,2024-06-12
1661,AM,2024-02-19
1662,AM,2025-11-21
1663,DE,2024-12-19
1664,AM,2024-07-20
1665,AM,2025-05-21
1666,RS,2024-01-20
1667,UZ,2024-02-28
1668,KZ,2024-06-26
1669,AM,2024-11-25
1670,KZ,2024-09-25
1671,UZ,2024-05-16
1672,AM,2024-09-13
1673,GE,2024-09-01
1674,UZ,2025-01-18
1675,KZ,2025-02-15
1676,PL,2025-10-07
1677,DE,2025-08-12
1678,RS,2024-08-01
1679,PL,2025-10-21
1680,AM,2025-01-15
1681,PL,2024-05-17
1682,RU,2024-09-05
1683,RU,2025-06-26
1684,UZ,2025-08-23
1685,GE,2024-09-30
1686,AM,2024-04-25
1687,RS,2024-05-20
1688,RS,2024-03-16
1689,PL,2025-05-25
1690,RU,2025-01-02
1691,UZ,2024-11-25
1692,PL,2025-05-06
1693,KZ,2025-08-28
1694,RS,2025-08-04
1695,DE,2024-04-10
1696,KZ,2025-03-07
1697,RS,2025-10-07
1698,DE,2025-07-19
1699,GE,2024-08-28
1700,PL,2024-10-14
1701,GE,2025-10-12
1702,DE,2024-01-25
1703,KZ,2025-01-19
1704,DE,2024-03-25
1705,PL,2025-10-15
1706,UZ,2024-01-29
1707,PL,2024-01-18
1708,PL,2024-08-28
1709,DE,2024-05-26
1710,DE,2024-12-28
1711,GE,2024-08-06
1712,RS,2024-09-17
1713,PL,2025-02-16
1714,KZ,2025-02-13
1715,KZ,2025-11-14
1716,PL,2024-12-17
1717,KZ,2025-02-16
1718,RS,2025-05-10
1719,RS,2024-05-07
1720,AM,2025-05-02
1721,RU,2025-09-22
1722,KZ,2024-08-20
1723,KZ,2024-05-10
1724,KZ,2024-09-10
1725,AM,2024-07-20
1726,UZ,2025-03-03
1727,PL,2025-09-23
1728,AM,2025-03-11
1729,RS,2024-04-01
1730,RU,2024-08-18
1731,UZ,2025-05-18
1732,PL,2024-08-29
1733,KZ,2025-03-04
1734,UZ,2025-05-22
1735,UZ,2024-08-28
1736,UZ,2025-04-18
1737,AM,2024-10-18
1738,RU,2024-04-08
1739,RU,2024-09-29
1740,DE,2024-11-18
1741,RS,2024-01-02
1742,KZ,2025-10-14
1743,RS,2025-01-20
1744,RU,2024-01-27
1745,DE,2025-09-26
1746,PL,2025-09-17
1747,PL,2024-01-09
1748,RS,2024-04-29
1749,UZ,2024-09-22
1750,KZ,2025-01-05
1751,PL,2025-06-14
1752,PL,2024-11-06
1753,KZ,2025-03-23
1754,RS,2024-01-08
1755,KZ,2025-04-26
1756,GE,2025-10-31
1757,GE,2025-01-19
1758,AM,2024-11-28
1759,AM,2024-08-05
1760,AM,2025-11-28
1761,RS,2024-01-25
1762,RS,2024-07-28
1763,RU,2024-04-11
1764,AM,2025-09-25
1765,AM,2024-12-18
1766,PL,2025-11-05
1767,AM,2025-05-01
1768,RS,2025-02-11
1769,RU,2025-01-13
1770,DE,2024-05-28
1771,GE,2025-02-14
1772,RS,2025-05-15
1773,GE,2025-12-06
1774,RS,2025-02-05
1775,UZ,2025-11-17
1776,DE,2025-11-21
1777,GE,2025-01-16
1778,DE,2024-11-17
1779,GE,2024-04-14
1780,KZ,2024-07-15
1781,RU,2025-10-04
1782,GE,2024-04-11
1783,RU,2024-10-17
1784,PL,2025-05-25
1785,KZ,2024-06-24
1786,DE,2025-12-13
1787,DE,2025-04-19
1788,RU,2024-01-21
1789,RS,2024-06-29
1790,UZ,2025-06-25
1791,AM,2025-09-22
1792,PL,2025-11-08
1793,GE,2025-09-14
1794,GE,2024-02-24
1795,RS,2025-06-17
1796,DE,2024-03-21
1797,PL,2024-02-25
1798,DE,2025-05-20
1799,RS,2024-12-15
1800,AM,2025-04-18
1801,RU,2025-09-14
1802,RS,2024-02-20
1803,RS,2025-01-20
1804,GE,2025-09-01
1805,DE,2024-11-17
1806,RU,2025-01-17
1807,RU,2024-12-29
1808,RS,2025-10-25
1809,RU,2024-02-06
1810,PL,2025-10-03
1811,DE,2025-08-19
1812,KZ,2025-08-16
1813,KZ,2024-10-28
1814,RS,2025-01-12
1815,PL,2024-09-26
1816,RU,2024-07-03
1817,DE,2025-10-01
1818,GE,2025-01-04
1819,DE,2025-06-12
1820,GE,2024-03-14
1821,GE,2025-07-30
1822,UZ,2025-04-26
1823,GE,2025-12-30
1824,PL,2024-04-07
1825,UZ,2025-01-29
1826,PL,2025-01-08
1827,RU,2025-01-28
1828,PL,2024-02-09
1829,AM,2024-12-11
1830,PL,2024-08-06
1831,GE,2025-03-27
1832,PL,2024-06-18
1833,AM,2024-11-14
1834,RU,2025-03-29
1835,RS,2024-02-16
1836,DE,2025-07-29
1837,PL,2025-06-07
1838,GE,2024-02-11
1839,DE,2024-02-17
1840,AM,2025-09-13
1841,RS,2024-07-26
1842,RU,2025-09-21
1843,UZ,2024-12-30
1844,UZ,2024-09-07
1845,KZ,2024-07-18
1846,AM,2025-04-26
1847,RS,2024-03-21
1848,AM,2024-10-21
1849,AM,2024-09-09
1850,DE,2024-04-22
1851,RU,2024-09-14
1852,GE,2025-01-21
1853,RS,2025-05-10
1854,DE,2024-03-04
1855,RU,2025-09-29
1856,UZ,2025-10-04
1857,GE,2025-05-20
1858,AM,2025-11-06
1859,AM,2024-11-08
1860,KZ,2025-08-23
1861,KZ,2025-06-15
1862,GE,2025-02-15
1863,UZ,2024-05-11
1864,GE,2025-02-11
1865,UZ,2025-10-20
1866,RS,2025-12-20
1867,RU,2024-11-23
1868,UZ,2024-06-30
1869,RU,2025-06-30
1870,UZ,2024-02-25
1871,RU,2024-04-20
1872,DE,2025-02-14
1873,AM,2025-12-24
1874,PL,2024-08-28
1875,RS,2024-11-20
1876,RU,2024-08-23
1877,DE,2024-11-18
1878,PL,2024-01-06
1879,KZ,2025-03-10
1880,RU,2025-03-11
1881,RS,2024-08-18
1882,GE,2024-07-12
1883,DE,2025-07-10
1884,UZ,2024-05-17
1885,AM,2024-02-04
1886,DE,2024-01-30
1887,KZ,2025-10-06
1888,RS,2024-09-23
1889,RU,2024-03-15
1890,RS,2025-10-04
1891,DE,2024-04-18
1892,DE,2024-09-03
1893,PL,2024-01-16
1894,KZ,2025-05-11
1895,DE,2025-05-26
1896,UZ,2025-07-07
1897,AM,2024-07-11
1898,UZ,2024-08-27
1899,KZ,2025-11-16
1900,GE,2025-08-23
1901,AM,2024-01-28
1902,AM,2025-05-20
1903,KZ,2025-08-17
1904,DE,2025-02-12
1905,GE,2025-04-12
1906,DE,2024-01-01
1907,GE,2024-01-22
1908,DE,2024-01-26
1909,RU,2024-04-26
1910,PL,2025-12-25
1911,RU,2025-04-08
1912,PL,2025-07-25
1913,RU,2024-08-04
1914,UZ,2025-11-16
1915,GE,2024-05-25
1916,AM,2025-10-21
1917,GE,2024-01-23
1918,RS,2024-01-15
1919,RS,2024-02-27
1920,AM,2025-08-01
1921,RS,2024-07-07
1922,AM,2024-11-25
1923,UZ,2024-12-10
1924,RS,2025-07-31
1925,GE,2024-09-11
1926,DE,2024-01-05
1927,GE,2024-10-09
1928,DE,2024-07-29
1929,DE,2025-06-18
1930,PL,2025-07-03
1931,RU,2024-03-08
1932,RS,2025-08-02
1933,UZ,2024-02-21
1934,PL,2025-03-29
1935,DE,2024-10-11
1936,DE,2024-08-08
1937,GE,2024-12-19
1938,AM,2024-08-14
1939,PL,2025-08-03
1940,DE,2025-12-07
1941,DE,2025-08-19
1942,GE,2024-11-17
1943,UZ,2025-01-02
1944,RU,2024-11-22
1945,RS,2025-08-03
1946,RU,2025-02-07
1947,DE,2024-12-08
1948,PL,2024-10-26
1949,RU,2024-10-01
1950,GE,2025-02-08
1951,PL,2025-05-18
1952,AM,2024-11-12
1953,RU,2025-08-12
1954,RS,2025-08-27
1955,PL,2024-11-09
1956,RS,2025-10-26
1957,AM,2024-05-06
1958,AM,2025-11-12
1959,KZ,2024-08-02
1960,DE,2025-02-16
1961,UZ,2024-07-26
1962,PL,2024-11-19
1963,DE,2024-09-05
1964,UZ,2025-05-30
1965,UZ,2024-02-29
1966,KZ,2025-09-04
1967,GE,2025-10-22
1968,RS,2025-02-15
1969,UZ,2025-02-04
1970,DE,2025-05-26
1971,UZ,2024-05-25
1972,PL,2025-07-02
1973,KZ,2024-06-08
1974,GE,2025-05-09
1975,AM,2024-08-11
1976,RU,2025-06-29
1977,PL,2025-08-01
1978,GE,2024-06-01
1979,RU,2025-03-27
1980,UZ,2024-12-30
1981,KZ,2024-08-02
1982,AM,2025-03-06
1983,RU,2025-12-26
1984,UZ,2024-01-02
1985,KZ,2025-11-30
1986,UZ,2025-09-17
1987,UZ,2025-01-21
1988,DE,2025-03-21
1989,DE,2024-09-26
1990,PL,2024-04-04
1991,AM,2025-02-21
1992,RS,2025-08-19
1993,GE,2024-06-17
1994,KZ,2025-06-08
1995,UZ,2025-06-30
1996,RU,2025-07-08
1997,AM,2024-09-05
1998,PL,2024-10-13
1999,GE,2024-10-31
2000,GE,2025-09-16
2001,PL,2025-10-20
2002,RU,2024-10-29
2003,RS,2025-12-10
2004,RS,2025-02-21
2005,UZ,2024-10-08
2006,DE,2024-01-01
2007,RS,2025-03-22
2008,DE,2025-04-16
2009,UZ,2025-12-08
2010,KZ,2025-06-08
2011,RS,2024-01-22
2012,RS,2025-02-18
2013,DE,2025-06-26
2014,PL,2024-12-28
2015,KZ,2024-11-09
2016,GE,2025-08-15
2017,RS,2025-03-22
2018,KZ,2025-05-13
2019,KZ,2024-12-05
2020,RS,2024-07-22
2021,GE,2025-01-14
2022,KZ,2025-12-02
2023,KZ,2025-03-16
2024,AM,2025-06-01
2025,RU,2024-03-31
2026,RS,2025-12-23
2027,AM,2024-06-27
2028,PL,2025-12-10
2029,AM,2024-11-21
2030,GE,2025-11-02
2031,AM,2025-10-13
2032,DE,2025-07-06
2033,RU,2025-10-31
2034,KZ,2025-03-21
2035,PL,2025-09-12
2036,UZ,2024-05-05
2037,AM,2024-02-21
2038,RU,2025-02-01
2039,PL,2025-08-14
2040,RS,2025-07-13
2041,GE,2025-01-20
2042,PL,2025-01-15
2043,KZ,2025-03-21
2044,KZ,2025-09-26
2045,GE,2025-09-07
2046,PL,2024-03-21
2047,RS,2025-03-11
2048,AM,2024-10-05
2049,UZ,2025-08-07
2050,KZ,2025-01-04
2051,DE,2025-12-25
2052,GE,2024-11-12
2053,GE,2025-05-11
2054,PL,2024-03-20
2055,KZ,2025-11-12
2056,GE,2024-04-22
2057,KZ,2024-10-03
2058,KZ,2025-09-04
2059,RS,2025-12-08
2060,RS,2024-12-20
2061,PL,2024-12-20
2062,AM,2024-02-05
2063,DE,2025-12-16
2064,KZ,2024-01-13
2065,AM,2024-01-20
2066,AM,2024-12-12
2067,KZ,2024-01-03
2068,PL,2024-04-30
2069,GE,2025-04-03
2070,RS,2025-05-30
2071,DE,2024-08-05
2072,KZ,2025-08-04
2073,RS,2025-03-20
2074,GE,2024-06-15
2075,KZ,2025-06-04
2076,RS,2025-03-08
2077,RS,2025-08-16
2078,RS,2024-04-22
2079,GE,2024-06-17
2080,DE,2024-08-09
2081,UZ,2024-09-06
2082,RU,2025-10-11
2083,GE,2025-06-19
2084,KZ,2025-02-01
2085,DE,2025-01-30
2086,KZ,2025-10-09
2087,KZ,2024-11-22
2088,KZ,2024-06-13
2089,GE,2024-04-10
2090,RU,2024-08-29
2091,PL,2025-04-22
2092,GE,2024-12-10
2093,UZ,2024-11-04
2094,DE,2024-12-16
2095,DE,2025-12-13
2096,UZ,2025-12-30
2097,PL,2024-04-27
2098,UZ,2024-03-24
2099,UZ,2024-06-27
2100,DE,2025-09-14
2101,PL,2024-12-01
2102,KZ,2025-09-23
2103,DE,2025-04-17
2104,DE,2025-02-08
2105,UZ,2024-07-24
2106,GE,2024-09-08
2107,UZ,2024-04-17
2108,DE,2025-01-14
2109,GE,2024-07-23
2110,GE,2024-08-01
2111,GE,2024-01-29
2112,KZ,2025-08-07
2113,PL,2025-11-17
2114,PL,2024-12-30
2115,KZ,2025-01-26
2116,DE,2025-11-07
2117,PL,2025-01-08
2118,AM,2025-03-31
2119,AM,2024-11-08
2120,KZ,2025-01-10
2121,UZ,2025-01-16
2122,PL,2025-06-03
2123,AM,2025-03-17
2124,AM,2025-01-03
2125,KZ,2024-02-25
2126,GE,2025-10-23
2127,GE,2025-10-11
2128,KZ,2024-05-14
2129,RU,2024-08-02
2130,GE,2025-12-12
2131,KZ,2024-08-22
2132,PL,2025-08-16
2133,AM,2025-07-28
2134,RS,2025-09-21
2135,RS,2024-01-12
2136,KZ,2024-12-19
2137,AM,2025-02-17
2138,RU,2025-09-03
2139,AM,2024-06-13
2140,RS,2024-08-12
2141,KZ,2024-05-11
2142,PL,2025-07-10
2143,PL,2025-12-31
2144,AM,2024-04-12
2145,GE,2024-06-19
2146,RS,2024-08-12
2147,DE,2025-10-11
2148,PL,2024-11-21
2149,UZ,2024-07-25
2150,UZ,2024-08-23
2151,GE,2025-03-13
2152,GE,2024-10-09
2153,UZ,2024-04-12
2154,AM,2025-08-22
2155,KZ,2024-11-04
2156,RS,2024-07-06
2157,RS,2025-06-16
2158,KZ,2025-06-28
2159,UZ,2024-04-23
2160,GE,2024-02-23
2161,UZ,2024-02-03
2162,DE,2025-07-13
2163,RS,2025-04-02
2164,PL,2025-08-01
2165,PL,2025-04-02
2166,PL,2024-10-20
2167,GE,2025-03-06
2168,UZ,2025-06-12
2169,PL,2024-10-18
2170,PL,2025-10-30
2171,RU,2025-10-19
2172,KZ,2025-08-08
2173,PL,2025-12-26
2174,UZ,2024-10-12
2175,DE,2024-03-24
2176,UZ,2024-12-19
2177,RU,2025-06-29
2178,RS,2025-07-23
2179,KZ,2024-10-11
2180,RS,2024-08-01
2181,KZ,2024-11-21
2182,DE,2025-08-10
2183,AM,2024-02-14
2184,KZ,2024-08-27
2185,KZ,2024-06-17
2186,GE,2025-08-12
2187,GE,2024-12-09
2188,GE,2024-03-04
2189,RS,2024-07-10
2190,AM,2024-02-02
2191,GE,2024-12-13
2192,RS,2025-12-30
2193,GE,2025-02-18
2194,DE,2025-09-27
2195,KZ,2025-06-26
2196,UZ,2025-10-07
2197,GE,2024-08-15
2198,UZ,2025-11-26
2199,AM,2024-06-23
2200,DE,2024-11-16
2201,GE,2025-05-13
2202,RU,2024-07-28
2203,RU,2024-07-12
2204,GE,2024-04-05
2205,RS,2024-01-04
2206,UZ,2025-01-01
2207,DE,2025-12-22
2208,UZ,2024-06-09
2209,DE,2024-11-17
2210,DE,2025-11-14
2211,KZ,2025-07-18
2212,UZ,2024-01-03
2213,AM,2024-12-31
2214,RU,2024-04-14
2215,RU,2024-06-29
2216,RS,2024-06-29
2217,RS,2025-03-23
2218,PL,2024-05-25
2219,GE,2024-07-03
2220,DE,2024-06-14
2221,PL,2024-09-17
2222,DE,2025-04-24
2223,RU,2024-10-19
2224,RS,2024-08-27
2225,RS,2025-01-13
2226,AM,2025-03-25
2227,PL,2024-01-12
2228,PL,2025-10-12
2229,GE,2025-10-31
2230,PL,2025-03-16
2231,KZ,2025-02-24
2232,RU,2025-05-22
2233,PL,2024-11-18
2234,DE,2024-09-24
2235,AM,2024-09-14
2236,UZ,2024-04-26
2237,DE,2025-09-06
2238,GE,2024-08-22
2239,RS,2024-07-26
2240,PL,2025-12-05
2241,DE,2025-01-05
2242,KZ,2025-03-30
2243,RS,2024-06-28
2244,RU,2024-07-21
2245,KZ,2025-06-16
2246,UZ,2024-11-25
2247,AM,2024-04-18
2248,DE,2025-09-02
2249,DE,2024-10-21
2250,RS,2025-05-03
2251,AM,2024-09-06
2252,AM,2025-02-13
2253,DE,2025-07-20
2254,AM,2025-10-09
2255,GE,2024-05-31
2256,KZ,2025-05-06
2257,UZ,2025-10-30
2258,KZ,2025-04-14
2259,RU,2024-04-14
2260,PL,2024-05-18
2261,RU,2024-05-28
2262,PL,2024-03-18
2263,RU,2025-07-04
2264,AM,2025-12-06
2265,RU,2025-01-12
2266,RU,2025-03-13
2267,KZ,2025-07-19
2268,KZ,2024-10-30
2269,RU,2024-12-11
2270,PL,2025-03-06
2271,GE,2024-08-10
2272,GE,2024-02-15
2273,GE,2025-02-19
2274,RS,2025-08-23
2275,DE,2024-02-23
2276,RS,2024-06-07
2277,DE,2024-07-11
2278,RU,2025-08-11
2279,GE,2025-01-03
2280,KZ,2025-01-25
2281,UZ,2025-04-16
2282,GE,2024-07-21
2283,GE,2025-06-05
2284,UZ,2024-01-23
2285,KZ,2024-03-24
2286,UZ,2025-08-19
2287,PL,2025-04-26
2288,UZ,2024-05-08
2289,PL,2024-11-16
2290,RS,2024-02-07
2291,RS,2025-05-06
2292,GE,2025-07-06
2293,DE,2024-07-22
2294,KZ,2024-09-12
2295,KZ,2024-06-22
2296,UZ,2024-10-11
2297,DE,2024-07-18
2298,RS,2024-06-29
2299,DE,2024-11-10
2300,PL,2025-09-20
2301,GE,2025-07-11
2302,DE,2024-08-05
2303,AM,2025-11-20
2304,PL,2024-06-02
2305,PL,2025-10-27
2306,RU,2024-08-14
2307,GE,2025-01-29
2308,DE,2024-05-28
2309,GE,2025-07-11
2310,AM,2024-08-20
2311,GE,2025-09-29
2312,RU,2024-03-01
2313,AM,2025-01-01
2314,RU,2024-04-25
2315,DE,2025-10-11
2316,RU,2024-10-31
2317,RU,2025-05-08
2318,RS,2025-10-04
2319,UZ,2025-01-26
2320,UZ,2024-02-11
2321,RU,2024-06-10
2322,RU,2024-06-04
2323,GE,2025-10-30
2324,KZ,2025-10-26
2325,KZ,2024-12-14
2326,UZ,2025-10-12
2327,GE,2024-06-28
2328,DE,2025-05-11
2329,RU,2024-10-13
2330,DE,2024-06-24
2331,RU,2024-07-01
2332,UZ,2024-11-02
2333,GE,2024-09-05
2334,UZ,2024-06-03
2335,AM,2024-09-01
2336,AM,2024-04-03
2337,RS,2025-12-09
2338,UZ,2024-10-04
2339,RU,2024-03-19
2340,RU,2025-02-24
2341,RS,2025-10-07
2342,RS,2024-09-20
2343,AM,2025-09-09
2344,KZ,2025-03-22
2345,AM,2025-06-24
2346,GE,2024-08-04
2347,GE,2024-01-27
2348,UZ,2024-09-09
2349,DE,2025-11-06
2350,AM,2025-07-31
2351,AM,2025-07-27
2352,UZ,2025-10-04
2353,KZ,2024-09-29
2354,RS,2024-08-23
2355,GE,2025-11-07
2356,GE,2025-02-21
2357,RS,2024-08-05
2358,DE,2024-07-22
2359,KZ,2025-10-03
2360,DE,2024-02-08
2361,KZ,2024-02-15
2362,UZ,2025-06-23
2363,PL,2024-01-01
2364,RU,2024-05-05
2365,UZ,2025-12-25
2366,RU,2024-11-07
2367,GE,2025-06-15
2368,DE,2024-12-22
2369,DE,2024-03-07
2370,DE,2024-05-14
2371,RU,2025-07-10
2372,UZ,2024-03-10
2373,RU,2025-03-10
2374,RS,2024-09-11
2375,KZ,2024-09-27
2376,PL,2025-11-27
2377,UZ,2025-03-18
2378,DE,2025-03-25
2379,PL,2024-09-13
2380,KZ,2024-10-05
2381,DE,2025-05-16
2382,RS,2024-01-29
2383,PL,2024-06-22
2384,RS,2025-03-14
2385,DE,2025-03-31
2386,PL,2024-03-08
2387,PL,2025-07-29
2388,PL,2025-01-31
2389,PL,2024-06-22
2390,UZ,2025-07-03
2391,RS,2025-12-25
2392,DE,2024-11-05
2393,AM,2024-07-26
2394,DE,2024-08-06
2395,RS,2025-03-09
2396,KZ,2024-02-04
2397,PL,2024-12-19
2398,GE,2024-01-19
2399,GE,2024-01-29
2400,KZ,2024-11-10
2401,RU,2025-06-28
2402,AM,2025-10-07
2403,KZ,2024-03-05
2404,AM,2024-06-27
2405,RS,2024-11-04
2406,UZ,2025-02-23
2407,GE,2025-12-22
2408,KZ,2025-05-15
2409,RS,2025-01-28
2410,RU,2024-02-14
2411,AM,2024-02-29
2412,RU,2024-04-21
2413,PL,2025-04-28
2414,AM,2024-08-30
2415,GE,2024-06-25
2416,RS,2025-05-04
2417,AM,2025-08-19
2418,GE,2024-11-16
2419,GE,2025-10-06
2420,RS,2025-06-20
2421,GE,2025-06-07
2422,UZ,2025-09-26
2423,RU,2024-05-14
2424,UZ,2025-07-08
2425,GE,2025-12-01
2426,AM,2025-12-26
2427,DE,2025-02-26
2428,RS,2025-07-05
2429,UZ,2025-10-11
2430,GE,2025-09-14
2431,DE,2025-10-18
2432,AM,2025-08-31
2433,DE,2024-10-05
2434,GE,2025-06-17
2435,RS,2024-10-27
2436,AM,2025-08-09
2437,KZ,2025-08-15
2438,KZ,2025-11-14
2439,UZ,2025-03-06
2440,RU,2024-12-13
2441,GE,2024-05-01
2442,RU,2025-04-11
2443,RU,2025-02-18
2444,DE,2025-01-11
2445,AM,2025-05-09
2446,PL,2025-09-14
2447,UZ,2024-04-18
2448,KZ,2024-11-11
2449,UZ,2025-06-12
2450,DE,2025-08-22
2451,UZ,2025-07-23
2452,PL,2025-08-07
2453,RU,2025-09-17
2454,RS,2025-12-04
2455,UZ,2025-03-20
2456,RS,2024-06-30
2457,UZ,2025-02-15
2458,PL,2025-06-02
2459,RS,2024-03-14
2460,RU,2025-07-07
2461,GE,2025-02-01
2462,DE,2025-11-15
2463,RS,2024-06-03
2464,AM,2025-10-24
2465,RS,2024-11-23
2466,DE,2025-02-23
2467,GE,2025-04-27
2468,KZ,2025-02-27
2469,RU,2025-10-22
2470,DE,2024-05-02
2471,PL,2025-06-17
2472,RU,2025-12-13
2473,RS,2024-06-09
2474,DE,2024-07-05
2475,RU,2024-12-13
2476,RS,2025-06-13
2477,AM,2025-12-02
2478,DE,2025-08-04
2479,RU,2025-08-03
2480,DE,2024-11-18
2481,KZ,2025-04-16
2482,UZ,2024-06-03
2483,DE,2024-12-04
2484,GE,2024-05-18
2485,GE,2024-01-20
2486,GE,2025-09-18
2487,DE,2025-08-11
2488,RU,2025-01-08
2489,AM,2024-01-11
2490,GE,2024-03-06
2491,GE,2024-03-22
2492,GE,2025-06-08
2493,PL,2024-05-28
2494,AM,2024-07-01
2495,RS,2025-09-21
2496,DE,2025-10-02
2497,UZ,2025-07-11
2498,PL,2024-08-14
2499,RU,2025-02-27
2500,PL,2024-05-26
2501,KZ,2025-09-19
2502,RU,2024-03-03
2503,UZ,2025-06-28
2504,RU,2025-01-08
2505,RU,2025-07-07
2506,RU,2024-11-25
2507,RS,2024-04-25
2508,AM,2025-07-03
2509,RS,2025-04-06
2510,RU,2024-12-05
2511,DE,2024-09-29
2512,UZ,2024-09-08
2513,PL,2024-12-17
2514,UZ,2024-07-10
2515,RU,2024-07-25
2516,UZ,2024-07-22
2517,KZ,2024-01-10
2518,AM,2025-11-09
2519,DE,2024-06-21
2520,PL,2024-04-30
2521,RS,2024-04-20
2522,RU,2025-12-23
2523,DE,2024-12-14
2524,RS,2024-08-26
2525,RU,2024-10-22
2526,GE,2024-03-05
2527,RS,2024-08-17
2528,PL,2024-06-30
2529,RU,2025-08-10
2530,AM,2024-02-12
2531,PL,2024-11-07
2532,UZ,2025-07-31
2533,PL,2025-09-01
2534,DE,2025-01-09
2535,UZ,2024-06-11
2536,PL,2024-09-03
2537,GE,2024-06-11
2538,RS,2025-04-28
2539,AM,2024-08-01
2540,RS,2025-04-06
2541,GE,2025-04-24
2542,PL,2025-11-18
2543,PL,2024-09-27
2544,RS,2025-12-03
2545,UZ,2024-10-19
2546,RS,2025-05-12
2547,UZ,2025-04-28
2548,AM,2025-08-20
2549,RS,2024-12-08
2550,DE,2025-08-02
2551,KZ,2024-09-16
2552,GE,2024-12-25
2553,DE,2024-12-31
2554,DE,2025-05-29
2555,PL,2025-03-28
2556,RU,2024-02-27
2557,UZ,2025-08-14
2558,UZ,2025-07-08
2559,RU,2024-03-17
2560,AM,2025-12-04
2561,AM,2025-04-27
2562,GE,2024-03-03
2563,KZ,2024-12-25
2564,RS,2025-09-03
2565,RS,2024-07-23
2566,RS,2025-11-13
2567,UZ,2024-11-01
2568,KZ,2024-06-14
2569,RS,2024-09-17
2570,PL,2025-01-18
2571,UZ,2025-05-18
2572,PL,2025-11-09
2573,KZ,2024-05-22
2574,RS,2025-12-02
2575,UZ,2025-01-20
2576,GE,2024-04-03
2577,GE,2025-11-08
2578,RS,2024-09-12
2579,PL,2025-03-29
2580,AM,2025-05-25
2581,RS,2024-01-10
2582,RS,2024-06-10
2583,GE,2025-05-16
2584,KZ,2024-08-25
2585,GE,2024-01-07
2586,AM,2024-01-18
2587,GE,2025-08-27
2588,GE,2024-04-22
2589,PL,2024-03-14
2590,GE,2025-02-15
2591,RU,2024-03-27
2592,RS,2025-04-22
2593,AM,2025-02-01
2594,RU,2025-04-19
2595,GE,2024-12-25
2596,DE,2025-07-22
2597,AM,2025-04-16
2598,KZ,2024-10-30
2599,PL,2024-01-12
2600,RS,2024-07-18
2601,UZ,2024-04-06
2602,DE,2024-01-12
2603,UZ,2024-07-18
2604,AM,2024-05-31
2605,UZ,2024-02-26
2606,UZ,2024-08-16
2607,AM,2025-01-05
2608,GE,2024-05-10
2609,AM,2024-07-18
2610,UZ,2024-01-15
2611,PL,2024-02-06
2612,PL,2024-04-25
2613,DE,2024-11-27
2614,AM,2025-05-01
2615,RU,2025-07-30
2616,KZ,2025-04-05
2617,PL,2025-03-26
2618,RU,2025-11-14
2619,KZ,2024-07-05
2620,PL,2025-08-06
2621,UZ,2025-11-15
2622,RS,2025-02-19
2623,RU,2025-09-06
2624,PL,2024-04-10
2625,PL,2025-10-04
2626,AM,2025-02-16
2627,PL,2024-06-10
2628,RU,2024-02-15
2629,AM,2025-06-10
2630,RU,2024-11-10
2631,PL,2024-08-14
2632,KZ,2024-10-12
2633,PL,2025-12-25
2634,AM,2024-11-08
2635,RU,2024-02-27
2636,RU,2024-07-23
2637,GE,2024-04-16
2638,KZ,2025-05-16
2639,DE,2025-08-08
2640,UZ,2025-09-06
2641,DE,2025-04-07
2642,RS,2025-07-15
2643,DE,2024-11-01
2644,RS,2025-04-03
2645,RS,2024-03-19
2646,RU,2025-01-28
2647,AM,2025-02-11
2648,UZ,2024-01-23
2649,PL,2025-02-04
2650,GE,2025-06-12
2651,PL,2024-09-25
2652,PL,2025-02-02
2653,PL,2024-07-28
2654,GE,2024-07-16
2655,UZ,2024-04-04
2656,AM,2024-08-27
2657,RU,2025-08-10
2658,GE,2025-11-14
2659,KZ,2025-04-09
2660,DE,2025-04-01
2661,RS,2025-03-24
2662,UZ,2024-12-13
2663,DE,2024-11-05
2664,RS,2025-03-29
2665,DE,2025-07-27
2666,AM,2024-10-29
2667,DE,2025-02-17
2668,PL,2024-12-09
2669,RU,2024-07-27
2670,PL,2024-07-31
2671,UZ,2024-02-27
2672,UZ,2024-11-17
2673,UZ,2025-06-04
2674,DE,2025-05-16
2675,PL,2025-12-21
2676,AM,2024-01-30
2677,PL,2025-07-10
2678,PL,2025-08-04
2679,AM,2024-11-15
2680,GE,2024-07-25
2681,RU,2024-09-18
2682,RU,2025-05-13
2683,RS,2025-09-22
2684,UZ,2025-04-14
2685,AM,2025-01-10
2686,RS,2025-04-22
2687,DE,2024-02-21
2688,AM,2025-03-20
2689,KZ,2024-01-31
2690,PL,2025-12-02
2691,KZ,2025-10-12
2692,AM,2025-01-06
2693,PL,2024-09-30
2694,RS,2025-06-19
2695,PL,2025-04-11
2696,GE,2025-05-30
2697,DE,2025-01-11
2698,RS,2024-06-21
2699,DE,2024-02-23
2700,RU,2024-07-26
2701,PL,2025-01-21
2702,UZ,2024-11-05
2703,DE,2025-01-05
2704,UZ,2024-07-21
2705,RU,2025-11-16
2706,GE,2024-09-25
2707,KZ,2025-09-10
2708,GE,2024-10-12
2709,KZ,2024-11-20
2710,UZ,2025-03-17
2711,RU,2024-07-11
2712,RU,2024-06-09
2713,PL,2024-10-04
2714,AM,2025-08-10
2715,AM,2024-04-15
2716,RS,2024-11-15
2717,RS,2025-05-06
2718,KZ,2025-05-31
2719,AM,2024-11-13
2720,DE,2024-02-29
2721,KZ,2024-01-12
2722,KZ,2024-12-09
2723,RU,2025-08-15
2724,RS,2024-01-21
2725,UZ,2025-10-10
2726,AM,2025-05-09
2727,DE,2024-01-06
2728,RU,2024-09-08
2729,AM,2024-06-10
2730,RS,2025-11-24
2731,PL,2025-02-09
2732,AM,2024-08-24
2733,PL,2024-07-22
2734,DE,2025-02-16
2735,RS,2024-01-04
2736,DE,2024-07-07
2737,AM,2024-04-30
2738,DE,2025-03-29
2739,RS,2025-05-04
2740,GE,2024-12-07
2741,DE,2024-04-12
2742,RU,2024-09-27
2743,AM,2025-09-08
2744,PL,2024-05-28
2745,DE,2024-04-29
2746,RS,2024-03-22
2747,DE,2025-08-20
2748,UZ,2024-03-28
2749,RS,2025-03-01
2750,PL,2025-12-31
2751,DE,2025-04-14
2752,RU,2024-10-28
2753,AM,2024-05-31
2754,KZ,2024-01-02
2755,PL,2024-04-23
2756,UZ,2025-11-27
2757,PL,2024-04-14
2758,KZ,2024-01-15
2759,GE,2025-08-19
2760,RS,2024-11-01
2761,DE,2024-09-17
2762,RS,2025-06-08
2763,GE,2025-01-17
2764,RU,2025-10-30
2765,DE,2024-12-07
2766,AM,2025-06-05
2767,GE,2025-10-04
2768,PL,2024-12-04
2769,RS,2024-07-26
2770,PL,2025-12-13
2771,KZ,2024-06-14
2772,RU,2024-01-29
2773,DE,2025-02-26
2774,KZ,2025-12-22
2775,AM,2024-03-04
2776,GE,2025-09-12
2777,AM,2025-08-30
2778,PL,2025-11-10
2779,RS,2024-11-04
2780,RU,2024-07-05
2781,GE,2025-01-09
2782,PL,2024-04-14
2783,UZ,2025-09-08
2784,UZ,2025-04-29
2785,PL,2024-12-19
2786,RU,2025-01-12
2787,GE,2025-06-04
2788,RU,2025-01-17
2789,RU,2025-09-05
2790,UZ,2025-11-06
2791,PL,2025-11-25
2792,DE,2025-03-29
2793,KZ,2025-06-26
2794,AM,2024-08-15
2795,RU,2024-01-28
2796,PL,2024-10-19
2797,UZ,2025-09-29
2798,AM,2024-04-07
2799,KZ,2025-02-02
2800,RS,2024-05-20
2801,UZ,2024-11-09
2802,RS,2024-04-14
2803,PL,2025-06-21
2804,RU,2025-08-15
2805,DE,2025-07-08
2806,PL,2025-05-30
2807,GE,2024-06-20
2808,GE,2025-01-22
2809,UZ,2024-03-17
2810,DE,2024-09-30
2811,AM,2025-01-04
2812,GE,2025-05-03
2813,DE,2024-03-11
2814,PL,2025-08-17
2815,DE,2024-12-01
2816,RU,2025-10-06
2817,KZ,2025-01-20
2818,UZ,2025-02-03
2819,DE,2025-05-21
2820,KZ,2025-08-22
2821,AM,2024-04-25
2822,UZ,2025-01-08
2823,DE,2024-01-22
2824,PL,2024-12-12
2825,AM,2025-08-17
2826,UZ,2025-09-24
2827,GE,2024-07-26
2828,PL,2024-10-09
2829,KZ,2025-02-07
2830,DE,2024-10-16
2831,PL,2024-05-10
2832,UZ,2024-08-10
2833,GE,2024-10-22
2834,AM,2025-01-14
2835,RS,2025-11-04
2836,AM,2025-02-02
2837,PL,2024-10-09
2838,PL,2025-04-27
2839,DE,2025-07-19
2840,PL,2024-11-10
2841,RS,2024-12-23
2842,KZ,2024-06-08
2843,UZ,2025-09-24
2844,RS,2025-09-25
2845,RS,2024-05-07
2846,RS,2024-09-09
2847,UZ,2024-07-17
2848,RS,2025-11-05
2849,GE,2024-02-17
2850,GE,2024-05-31
2851,DE,2024-08-18
2852,RS,2025-02-13
2853,RU,2024-07-01
2854,RU,2025-01-27
2855,KZ,2025-06-30
2856,RU,2025-08-28
2857,AM,2024-03-13
2858,UZ,2024-04-11
2859,KZ,2024-03-10
2860,RS,2025-10-27
2861,DE,2025-04-21
2862,PL,2025-01-23
2863,UZ,2025-08-01
2864,AM,2025-03-04
2865,RU,2024-06-21
2866,RU,2025-01-07
2867,GE,2025-05-29
2868,DE,2024-01-27
2869,UZ,2025-03-19
2870,DE,2024-12-29
2871,GE,2024-02-20
2872,PL,2024-07-11
2873,UZ,2024-11-23
2874,DE,2024-09-07
2875,RS,2024-07-31
2876,AM,2025-04-19
2877,KZ,2024-10-22
2878,PL,2024-12-29
2879,UZ,2025-08-06
2880,PL,2024-03-09
2881,RU,2024-09-20
2882,DE,2024-02-23
2883,AM,2025-11-08
2884,RU,2024-05-15
2885,GE,2025-08-22
2886,DE,2024-05-19
2887,PL,2024-08-24
2888,RU,2025-03-20
2889,DE,2025-08-30
2890,DE,2024-05-09
2891,DE,2024-06-04
2892,AM,2025-10-06
2893,GE,2024-08-23
2894,PL,2024-06-02
2895,GE,2025-06-27
2896,AM,2024-03-07
2897,KZ,2025-09-25
2898,KZ,2025-10-02
2899,UZ,2025-09-18
2900,DE,2024-08-03
2901,AM,2024-03-24
2902,UZ,2024-11-06
2903,UZ,2024-09-01
2904,AM,2025-12-02
2905,KZ,2025-04-06
2906,UZ,2025-11-21
2907,AM,2025-07-02
2908,PL,2025-06-06
2909,DE,2024-03-22
2910,GE,2024-02-20
2911,RU,2024-02-03
2912,RU,2025-03-09
2913,RS,2024-05-27
2914,DE,2025-12-24
2915,RS,2024-04-06
2916,RS,2025-11-23
2917,AM,2025-05-03
2918,PL,2024-03-18
2919,UZ,2024-02-12
2920,RS,2024-10-16
2921,GE,2024-09-04
2922,UZ,2024-08-18
2923,RU,2025-01-21
2924,AM,2024-04-04
2925,RS,2024-04-04
2926,DE,2025-05-22
2927,AM,2025-12-24
2928,GE,2024-07-19
2929,DE,2025-11-12
2930,KZ,2024-09-09
2931,DE,2024-09-02
2932,KZ,2024-03-07
2933,DE,2024-11-05
2934,RS,2024-12-30
2935,UZ,2025-04-30
2936,DE,2024-04-25
2937,UZ,2024-05-17
2938,KZ,2024-11-11
2939,PL,2024-02-20
2940,DE,2024-04-14
2941,KZ,2025-04-04
2942,PL,2025-11-28
2943,UZ,2025-02-22
2944,DE,2024-04-15
2945,UZ,2025-12-25
2946,RU,2025-01-16
2947,AM,2025-06-08
2948,RS,2024-05-23
2949,AM,2025-02-26
2950,AM,2024-02-25
2951,RU,2025-04-02
2952,AM,2024-05-27
2953,PL,2025-10-26
2954,RS,2024-02-10
2955,GE,2025-04-22
2956,PL,2024-04-11
2957,RU,2025-05-17
2958,RS,2024-12-26
2959,AM,2025-12-08
2960,RS,2025-04-21
2961,PL,2024-09-28
2962,RS,2024-03-04
2963,PL,2025-03-11
2964,RU,2024-11-18
2965,KZ,2024-02-08
2966,AM,2025-02-28
2967,DE,2024-06-02
2968,DE,2024-06-20
2969,KZ,2024-01-07
2970,KZ,2024-09-28
2971,AM,2024-06-08
2972,RU,2024-02-22
2973,AM,2024-11-13
2974,PL,2024-06-09
2975,RU,2024-04-08
2976,RS,2024-12-07
2977,RS,2024-02-16
2978,PL,2025-12-25
2979,GE,2024-12-10
2980,RS,2025-12-29
2981,KZ,2025-10-06
2982,RU,2025-12-17
2983,UZ,2025-01-31
2984,UZ,2024-11-05
2985,KZ,2025-06-10
2986,KZ,2024-02-28
2987,KZ,2025-09-06
2988,UZ,2024-08-24
2989,PL,2024-01-06
2990,RS,2024-06-22
2991,RS,2024-06-26
2992,KZ,2024-01-11
2993,DE,2025-05-03
2994,UZ,2024-03-10
2995,UZ,2025-09-10
2996,KZ,2024-11-27
2997,GE,2025-06-09
2998,GE,2024-09-05
2999,RS,2024-04-06
3000,KZ,2024-05-11
3001,UZ,2025-04-17
3002,KZ,2025-06-07
3003,PL,2024-07-14
3004,PL,2024-09-18
3005,KZ,2025-11-21
3006,GE,2025-09-14
3007,AM,2024-10-28
3008,RS,2024-06-25
3009,KZ,2024-08-08
3010,UZ,2025-01-28
3011,GE,2025-02-18
3012,AM,2024-05-14
3013,RU,2024-02-18
3014,KZ,2024-12-28
3015,RS,2025-08-05
3016,RS,2024-04-21
3017,AM,2024-10-25
3018,DE,2024-04-28
3019,AM,2024-06-26
3020,KZ,2025-03-23
3021,GE,2024-07-28
3022,DE,2024-07-11
3023,RS,2025-12-28
3024,DE,2024-05-06
3025,GE,2024-05-18
3026,KZ,2025-11-10
3027,RU,2025-02-06
3028,KZ,2024-02-01
3029,DE,2024-11-06
3030,PL,2025-02-17
3031,KZ,2024-07-04
3032,GE,2025-02-04
3033,AM,2025-04-19
3034,RU,2024-07-02
3035,RU,2025-08-16
3036,PL,2024-11-26
3037,UZ,2025-12-05
3038,DE,2024-03-05
3039,GE,2024-08-25
3040,DE,2025-06-11
3041,RS,2025-10-16
3042,GE,2024-06-11
3043,GE,2025-12-17
3044,AM,2024-05-21
3045,DE,2024-10-31
3046,PL,2024-08-18
3047,KZ,2024-11-06
3048,UZ,2025-10-21
3049,DE,2025-06-19
3050,KZ,2025-08-05
3051,UZ,2024-07-04
3052,DE,2025-11-23
3053,UZ,2024-11-14
3054,GE,2025-04-21
3055,UZ,2025-05-25
3056,RS,2025-04-29
3057,UZ,2025-03-15
3058,DE,2024-12-16
3059,RS,2025-04-18
3060,GE,2025-10-23
3061,DE,2024-10-11
3062,GE,2025-01-08
3063,RS,2024-05-11
3064,DE,2024-09-16
3065,KZ,2025-07-18
3066,AM,2025-04-13
3067,UZ,2024-06-03
3068,KZ,2025-02-03
3069,DE,2025-08-16
3070,RU,2024-03-31
3071,RS,2024-02-15
3072,RS,2024-10-14
3073,DE,2025-04-24
3074,UZ,2024-08-17
3075,AM,2025-08-23
3076,KZ,2025-09-11
3077,RU,2025-01-24
3078,UZ,2024-10-03
3079,DE,2024-01-31
3080,RS,2025-08-23
3081,RS,2025-10-16
3082,UZ,2024-11-19
3083,GE,2025-01-12
3084,DE,2025-07-04
3085,GE,2025-05-23
3086,GE,2024-04-08
3087,DE,2025-05-06
3088,DE,2025-11-06
3089,DE,2025-07-02
3090,RS,2024-12-17
3091,GE,2025-01-17
3092,RS,2024-07-08
3093,KZ,2025-04-28
3094,DE,2024-06-25
3095,PL,2024-09-06
3096,UZ,2024-07-12
3097,DE,2024-09-02
3098,GE,2024-09-25
3099,DE,2024-03-01
3100,GE,2025-06-08
3101,GE,2024-11-18
3102,DE,2025-11-25
3103,RU,2024-05-12
3104,RS,2025-05-04
3105,KZ,2024-05-10
3106,GE,2025-02-03
3107,UZ,2024-12-24
3108,GE,2024-11-23
3109,PL,2025-04-23
3110,DE,2025-08-28
3111,AM,2024-08-19
3112,UZ,2025-09-13
3113,RU,2024-05-15
3114,PL,2024-08-02
3115,GE,2024-08-15
3116,RS,2025-11-27
3117,KZ,2024-03-27
3118,KZ,2024-10-15
3119,RU,2024-11-06
3120,UZ,2025-08-07
3121,AM,2024-12-21
3122,PL,2025-12-07
3123,RS,2025-06-25
3124,AM,2025-05-29
3125,RS,2025-07-04
3126,PL,2024-04-28
3127,UZ,2024-11-24
3128,PL,2025-03-04
3129,AM,2024-06-01
3130,UZ,2024-03-27
3131,GE,2024-04-09
3132,RS,2025-07-30
3133,UZ,2025-04-25
3134,RU,2024-07-24
3135,KZ,2025-06-22
3136,RU,2025-05-23
3137,AM,2025-08-19
3138,RS,2025-10-27
3139,RS,2025-10-06
3140,RS,2024-05-12
3141,RS,2025-07-16
3142,RS,2024-10-14
3143,RS,2024-10-21
3144,AM,2025-04-18
3145,UZ,2025-03-16
3146,AM,2024-11-02
3147,KZ,2025-12-31
3148,UZ,2024-05-07
3149,PL,2024-03-11
3150,RU,2024-01-22
3151,KZ,2025-08-18
3152,DE,2024-10-24
3153,DE,2024-11-15
3154,UZ,2025-04-19
3155,RU,2024-11-14
3156,UZ,2025-02-23
3157,UZ,2024-02-12
3158,PL,2024-04-24
3159,KZ,2025-11-12
3160,UZ,2024-11-25
3161,RU,2024-05-02
3162,PL,2024-09-27
3163,DE,2024-09-01
3164,GE,2024-07-19
3165,DE,2024-08-02
3166,RS,2025-06-17
3167,KZ,2024-03-19
3168,GE,2024-08-14
3169,UZ,2024-12-08
3170,AM,2025-01-29
3171,KZ,2025-10-05
3172,PL,2025-11-05
3173,RS,2024-08-05
3174,GE,2025-01-29
3175,PL,2024-01-17
3176,AM,2025-03-27
3177,AM,2024-04-21
3178,GE,2024-02-23
3179,DE,2025-05-06
3180,DE,2024-05-10
3181,DE,2024-12-14
3182,DE,2024-03-14
3183,KZ,2025-06-29
3184,RU,2025-07-13
3185,KZ,2025-02-24
3186,PL,2025-09-03
3187,UZ,2024-11-15
3188,RS,2024-05-16
3189,RU,2024-04-20
3190,UZ,2024-06-09
3191,RU,2024-05-26
3192,KZ,2024-08-24
3193,KZ,2024-06-05
3194,DE,2025-03-08
3195,KZ,2024-04-18
3196,DE,2025-03-30
3197,DE,2024-09-01
3198,UZ,2025-05-17
3199,PL,2025-01-09
3200,GE,2025-10-23
3201,PL,2024-11-17
3202,PL,2024-08-03
3203,UZ,2025-03-06
3204,DE,2025-04-26
3205,GE,2024-11-17
3206,KZ,2025-02-13
3207,PL,2024-12-10
3208,UZ,2024-08-11
3209,RS,2024-08-17
3210,DE,2025-10-25
3211,PL,2025-05-08
3212,GE,2024-03-10
3213,GE,2025-12-04
3214,PL,2025-06-04
3215,AM,2024-02-06
3216,GE,2025-06-16
3217,RU,2025-03-07
3218,RS,2025-10-31
3219,PL,2024-12-23
3220,RS,2025-01-14
3221,KZ,2024-08-18
3222,GE,2024-08-23
3223,UZ,2025-03-27
3224,UZ,2025-08-28
3225,AM,2025-10-13
3226,UZ,2025-07-17
3227,AM,2025-03-21
3228,RS,2024-12-31
3229,KZ,2024-09-05
3230,UZ,2025-07-15
3231,UZ,2024-08-20
3232,DE,2024-07-14
3233,KZ,2025-09-26
3234,RU,2025-03-06
3235,AM,2024-09-15
3236,AM,2025-09-24
3237,GE,2025-12-04
3238,PL,2024-08-20
3239,PL,2025-01-16
3240,RU,2024-12-19
3241,DE,2025-05-27
3242,DE,2025-11-26
3243,PL,2025-02-04
3244,AM,2025-08-06
3245,KZ,2025-03-11
3246,UZ,2025-10-10
3247,UZ,2024-10-22
3248,RU,2024-10-08
3249,DE,2024-11-04
3250,RS,2025-12-29
3251,GE,2025-03-22
3252,KZ,2024-04-21
3253,DE,2024-01-30
3254,GE,2025-01-14
3255,DE,2025-08-11
3256,DE,2024-12-16
3257,DE,2025-02-13
3258,DE,2025-08-06
3259,AM,2025-01-12
3260,RS,2025-10-26
3261,RS,2025-04-11
3262,RS,2025-06-18
3263,KZ,2025-07-25
3264,UZ,2025-04-03
3265,AM,2024-02-06
3266,KZ,2024-11-08
3267,KZ,2024-04-13
3268,KZ,2025-01-08
3269,DE,2024-04-14
3270,PL,2025-01-07
3271,DE,2024-09-08
3272,RS,2024-01-15
3273,KZ,2024-04-01
3274,RS,2025-01-02
3275,DE,2024-02-27
3276,PL,2025-09-17
3277,RU,2025-07-08
3278,DE,2025-06-02
3279,PL,2024-05-05
3280,KZ,2025-08-04
3281,RU,2025-04-08
3282,UZ,2024-10-12
3283,PL,2024-01-01
3284,RU,2025-01-21
3285,RS,2025-08-04
3286,RS,2024-01-25
3287,DE,2024-02-08
3288,DE,2024-10-06
3289,DE,2025-01-08
3290,DE,2024-12-12
3291,RS,2024-11-07
3292,RS,2024-07-05
3293,DE,2024-02-13
3294,GE,2024-01-23
3295,DE,2024-03-13
3296,UZ,2025-05-19
3297,DE,2025-07-28
3298,PL,2024-11-14
3299,AM,2024-02-26
3300,UZ,2024-10-30
3301,KZ,2025-12-21
3302,GE,2024-07-01
3303,AM,2024-12-25
3304,GE,2025-01-28
3305,RU,2024-08-29
3306,GE,2024-11-16
3307,GE,2024-12-10
3308,DE,2024-12-12
3309,RU,2025-06-08
3310,PL,2025-02-28
3311,AM,2024-02-09
3312,RS,2024-01-05
3313,PL,2024-10-27
3314,DE,2025-10-25
3315,RS,2024-01-27
3316,UZ,2024-02-21
3317,KZ,2025-05-11
3318,RS,2024-11-25
3319,GE,2024-06-17
3320,RU,2024-05-31
3321,RU,2025-05-01
3322,DE,2025-01-17
3323,UZ,2025-04-11
3324,KZ,2024-07-23
3325,RS,2025-01-19
3326,UZ,2025-09-20
3327,DE,2024-08-19
3328,DE,2024-10-16
3329,RS,2024-04-29
3330,PL,2025-04-11
3331,AM,2024-01-24
3332,UZ,2024-06-30
3333,DE,2025-06-05
3334,UZ,2024-01-15
3335,RU,2025-12-24
3336,DE,2024-10-22
3337,AM,2024-10-18
3338,RU,2025-01-27
3339,UZ,2025-04-12
3340,UZ,2024-12-01
3341,AM,2025-10-08
3342,GE,2025-12-04
3343,RU,2024-05-26
3344,AM,2025-05-31
3345,AM,2024-08-07
3346,UZ,2025-12-28
3347,AM,2024-07-04
3348,DE,2024-08-03
3349,RU,2025-06-06
3350,UZ,2025-07-30
3351,DE,2024-04-03
3352,PL,2025-02-10
3353,RU,2024-09-09
3354,KZ,2025-03-23
3355,PL,2025-02-10
3356,RS,2025-12-21
3357,RU,2025-11-13
3358,PL,2025-04-23
3359,DE,2025-05-11
3360,AM,2025-10-19
3361,PL,2024-05-14
3362,KZ,2025-06-14
3363,RU,2025-07-18
3364,UZ,2024-04-03
3365,DE,2025-10-06
3366,KZ,2025-05-26
3367,AM,2024-09-10
3368,GE,2024-12-20
3369,RS,2024-12-23
3370,RU,2025-11-02
3371,PL,2025-12-09
3372,DE,2025-08-12
3373,GE,2025-04-21
3374,AM,2024-03-17
3375,KZ,2025-10-30
3376,AM,2024-04-07
3377,AM,2024-05-01
3378,AM,2024-02-20
3379,UZ,2025-11-23
3380,RS,2024-12-26
3381,UZ,2024-06-21
3382,UZ,2024-02-29
3383,PL,2024-10-28
3384,PL,2025-06-13
3385,UZ,2025-12-28
3386,DE,2025-02-07
3387,UZ,2025-03-19
3388,KZ,2025-09-03
3389,GE,2025-10-21
3390,KZ,2024-07-23
3391,GE,2025-12-26
3392,AM,2025-01-14
3393,UZ,2025-11-10
3394,DE,2024-03-26
3395,GE,2024-03-12
3396,UZ,2025-10-08
3397,RS,2025-05-06
3398,PL,2024-05-07
3399,RU,2025-10-16
3400,KZ,2024-03-15
3401,UZ,2025-05-13
3402,PL,2024-05-29
3403,DE,2024-02-21
3404,PL,2025-08-12
3405,RS,2025-09-11
3406,GE,2024-03-18
3407,GE,2024-03-09
3408,KZ,2025-03-25
3409,KZ,2024-01-21
3410,RS,2025-06-29
3411,RU,2025-10-31
3412,PL,2025-07-03
3413,DE,2024-06-17
3414,RU,2024-05-18
3415,AM,2025-05-12
3416,RS,2024-02-15
3417,AM,2025-01-28
3418,PL,2024-11-24
3419,RU,2025-06-28
3420,GE,2024-05-28
3421,AM,2025-07-11
3422,UZ,2025-05-26
3423,AM,2024-06-23
3424,RS,2024-09-17
3425,AM,2024-02-18
3426,PL,2024-11-24
3427,RS,2024-07-09
3428,PL,2024-03-23
3429,UZ,2025-02-13
3430,GE,2025-02-18
3431,DE,2024-03-03
3432,UZ,2024-05-15
3433,DE,2024-03-01
3434,GE,2025-05-11
3435,DE,2024-09-04
3436,AM,2024-02-22
3437,GE,2024-05-20
3438,KZ,2025-12-14
3439,PL,2024-07-05
3440,UZ,2025-05-15
3441,PL,2024-12-08
3442,RU,2024-05-12
3443,RS,2024-08-12
3444,DE,2024-01-11
3445,PL,2025-06-30
3446,KZ,2024-09-01
3447,GE,2024-12-30
3448,AM,2024-04-21
3449,AM,2025-08-25
3450,RS,2024-06-08
3451,RS,2025-02-17
3452,RU,2025-09-29
3453,RS,2025-06-05
3454,GE,2025-03-16
3455,UZ,2025-10-11
3456,UZ,2024-05-08
3457,UZ,2025-12-05
3458,RU,2025-02-10
3459,UZ,2024-10-26
3460,RS,2024-07-05
3461,RS,2025-06-28
3462,PL,2025-12-14
3463,UZ,2025-05-19
3464,RU,2024-01-24
3465,GE,2024-12-08
3466,KZ,2025-06-19
3467,AM,2024-10-17
3468,GE,2025-07-19
3469,AM,2025-06-01
3470,UZ,2024-02-19
3471,DE,2025-02-11
3472,KZ,2024-05-05
3473,KZ,2024-12-21
3474,PL,2024-10-07
3475,GE,2025-08-12
3476,DE,2025-09-26
3477,AM,2024-12-03
3478,AM,2025-01-27
3479,RS,2025-04-02
3480,UZ,2025-04-24
3481,UZ,2025-04-09
3482,DE,2025-07-26
3483,UZ,2025-12-18
3484,DE,2025-08-28
3485,RS,2024-04-08
3486,RU,2024-12-14
3487,GE,2024-12-03
3488,PL,2025-01-06
3489,RS,2025-01-21
3490,KZ,2025-06-08
3491,RU,2024-11-03
3492,KZ,2024-07-11
3493,GE,2024-11-30
3494,KZ,2025-09-16
3495,PL,2024-08-15
3496,AM,2024-01-16
3497,RU,2025-12-14
3498,RS,2024-05-23
3499,RU,2025-03-16
3500,RS,2025-08-07
3501,RU,2024-07-19
3502,KZ,2024-09-05
3503,GE,2024-07-24
3504,DE,2024-04-19
3505,RU,2024-04-21
3506,PL,2024-05-16
3507,UZ,2024-11-30
3508,UZ,2025-01-22
3509,RU,2024-01-12
3510,GE,2025-09-10
3511,PL,2025-05-09
3512,AM,2024-02-21
3513,DE,2025-09-08
3514,DE,2024-01-23
3515,GE,2025-02-13
3516,PL,2024-12-06
3517,DE,2025-01-02
3518,PL,2025-11-29
3519,KZ,2025-11-08
3520,PL,2024-07-22
3521,UZ,2025-02-27
3522,GE,2025-12-02
3523,UZ,2025-06-16
3524,DE,2025-10-10
3525,GE,2024-11-13
3526,DE,2024-07-25
3527,DE,2025-01-08
3528,RU,2025-08-20
3529,DE,2025-11-09
3530,RU,2025-05-16
3531,RS,2025-05-31
3532,RU,2025-01-09
3533,RU,2024-08-21
3534,PL,2024-11-05
3535,RU,2024-12-29
3536,RU,2025-08-19
3537,RU,2025-02-09
3538,DE,2025-08-02
3539,AM,2024-01-21
3540,UZ,2025-07-07
3541,KZ,2025-01-05
3542,AM,2025-12-30
3543,RU,2024-12-10
3544,UZ,2024-12-15
3545,RU,2024-04-03
3546,KZ,2025-08-12
3547,RS,2025-05-27
3548,PL,2025-09-22
3549,GE,2024-03-08
3550,KZ,2024-06-03
3551,RS,2025-10-03
3552,AM,2024-01-31
3553,PL,2025-01-06
3554,KZ,2024-10-22
3555,RS,2025-11-17
3556,RS,2025-09-18
3557,KZ,2025-10-17
3558,GE,2024-07-30
3559,DE,2025-03-05
3560,RS,2025-05-26
3561,RU,2025-12-08
3562,DE,2024-01-06
3563,RS,2025-12-15
3564,UZ,2024-09-16
3565,UZ,2024-04-03
3566,GE,2025-03-25
3567,RS,2025-07-25
3568,DE,2024-04-04
3569,UZ,2024-01-30
3570,DE,2025-10-17
3571,UZ,2025-11-13
3572,UZ,2024-04-24
3573,KZ,2025-10-22
3574,GE,2025-10-27
3575,PL,2025-12-30
3576,KZ,2024-06-07
3577,KZ,2025-02-27
3578,UZ,2025-12-27
3579,PL,2025-10-21
3580,RU,2025-03-18
3581,PL,2024-05-24
3582,UZ,2024-03-02
3583,DE,2024-07-08
3584,GE,2024-02-17
3585,UZ,2024-05-22
3586,DE,2024-02-24
3587,RS,2025-07-11
3588,KZ,2025-03-07
3589,KZ,2025-01-13
3590,PL,2025-08-14
3591,RU,2024-10-27
3592,GE,2024-10-21
3593,PL,2024-05-31
3594,AM,2024-11-21
3595,DE,2024-05-07
3596,GE,2025-03-06
3597,GE,2025-12-30
3598,AM,2025-01-24
3599,GE,2024-08-06
3600,AM,2025-05-17
3601,RS,2025-08-22
3602,AM,2024-12-10
3603,DE,2024-07-01
3604,AM,2025-06-05
3605,PL,2024-05-16
3606,DE,2025-12-30
3607,GE,2024-08-20
3608,KZ,2024-09-13
3609,AM,2025-06-15
3610,KZ,2024-01-09
3611,AM,2024-05-28
3612,KZ,2024-04-01
3613,AM,2024-10-12
3614,RU,2025-02-08
3615,UZ,2024-05-11
3616,RS,2024-09-08
3617,RU,2025-07-18
3618,RS,2025-11-18
3619,RS,2024-01-11
3620,RU,2025-04-03
3621,PL,2024-01-19
3622,DE,2025-01-15
3623,GE,2025-10-04
3624,RS,2025-08-06
3625,UZ,2024-06-19
3626,KZ,2024-07-08
3627,UZ,2025-07-26
3628,DE,2025-08-22
3629,UZ,2024-07-24
3630,UZ,2024-01-03
3631,RS,2024-11-20
3632,AM,2025-03-28
3633,RU,2024-11-20
3634,UZ,2025-11-14
3635,PL,2025-08-17
3636,RS,2025-07-29
3637,AM,2024-01-15
3638,RS,2025-09-16
3639,RU,2025-07-06
3640,AM,2024-10-17
3641,KZ,2025-03-06
3642,PL,2025-08-25
3643,PL,2025-10-24
3644,RS,2025-02-06
3645,PL,2024-01-31
3646,AM,2025-03-28
3647,KZ,2025-05-12
3648,AM,2024-02-13
3649,PL,2025-08-20
3650,KZ,2024-05-27
3651,RU,2025-10-12
3652,RU,2025-02-06
3653,RS,2024-08-23
3654,AM,2024-02-12
3655,KZ,2024-01-14
3656,RS,2025-06-25
3657,AM,2024-10-02
3658,PL,2025-09-06
3659,GE,2024-06-17
3660,RS,2025-11-03
3661,AM,2025-11-19
3662,RS,2024-03-15
3663,PL,2025-04-17
3664,PL,2025-11-17
3665,AM,2024-08-24
3666,RS,2024-02-19
3667,AM,2025-10-01
3668,DE,2024-12-12
3669,RS,2024-01-20
3670,DE,2025-09-06
3671,DE,2025-05-11
3672,RU,2024-02-21
3673,AM,2024-07-08
3674,RU,2024-01-14
3675,KZ,2025-11-29
3676,RS,2024-01-19
3677,GE,2025-08-04
3678,UZ,2025-01-08
3679,AM,2025-03-01
3680,KZ,2025-08-16
3681,KZ,2025-10-16
3682,RU,2024-04-03
3683,DE,2024-01-14
3684,AM,2024-04-01
3685,PL,2025-05-13
3686,DE,2025-02-19
3687,RU,2024-03-02
3688,PL,2024-06-20
3689,PL,2025-01-27
3690,DE,2025-06-17
3691,RS,2024-09-08
3692,KZ,2025-11-25
3693,DE,2025-12-26
3694,GE,2025-07-13
3695,RS,2024-11-28
3696,KZ,2025-10-03
3697,GE,2025-06-16
3698,RS,2025-01-14
3699,GE,2024-11-20
3700,UZ,2025-08-31
3701,DE,2025-02-11
3702,DE,2024-05-13
3703,DE,2025-12-31
3704,PL,2024-02-19
3705,PL,2025-05-23
3706,AM,2025-04-24
3707,DE,2025-03-04
3708,UZ,2024-02-07
3709,RS,2024-12-26
3710,UZ,2025-10-14
3711,GE,2024-06-24
3712,PL,2025-05-20
3713,UZ,2025-09-19
3714,DE,2025-11-27
3715,KZ,2025-01-12
3716,GE,2024-08-17
3717,GE,2025-05-26
3718,GE,2024-12-21
3719,KZ,2025-04-03
3720,GE,2025-06-26
3721,KZ,2025-06-03
3722,AM,2024-06-26
3723,UZ,2025-07-06
3724,PL,2025-01-31
3725,RU,2025-11-11
3726,PL,2025-04-27
3727,RU,2025-10-13
3728,AM,2025-12-16
3729,GE,2025-12-27
3730,KZ,2025-06-28
3731,KZ,2025-03-12
3732,UZ,2024-03-27
3733,RS,2024-10-09
3734,PL,2024-12-13
3735,GE,2025-07-24
3736,DE,2025-03-06
3737,RS,2024-11-17
3738,AM,2024-04-17
3739,KZ,2025-06-07
3740,UZ,2024-11-11
3741,DE,2024-01-27
3742,GE,2024-07-26
3743,PL,2025-10-04
3744,RS,2024-03-27
3745,DE,2024-10-23
3746,PL,2025-01-09
3747,RS,2024-03-02
3748,PL,2024-05-01
3749,PL,2025-11-18
3750,PL,2025-03-07
3751,AM,2024-06-02
3752,UZ,2024-05-04
3753,PL,2024-11-07
3754,GE,2025-06-12
3755,RU,2025-06-17
3756,GE,2024-05-22
3757,KZ,2025-06-14
3758,AM,2025-10-17
3759,RU,2024-06-14
3760,AM,2024-01-20
3761,DE,2025-12-01
3762,AM,2025-01-16
3763,AM,2025-07-21
3764,KZ,2024-08-21
3765,RS,2024-08-06
3766,RS,2024-06-13
3767,KZ,2024-06-07
3768,KZ,2024-12-10
3769,UZ,2024-03-18
3770,GE,2025-09-07
3771,RS,2025-01-08
3772,GE,2025-10-31
3773,AM,2025-01-02
3774,DE,2024-08-09
3775,RS,2025-01-11
3776,DE,2024-04-22
3777,AM,2025-08-25
3778,UZ,2025-06-10
3779,PL,2024-04-17
3780,RS,2025-03-01
3781,RU,2025-01-28
3782,DE,2024-05-26
3783,RU,2024-03-30
3784,UZ,2025-07-09
3785,PL,2024-07-12
3786,AM,2025-01-14
3787,DE,2024-06-30
3788,RU,2025-04-22
3789,PL,2024-02-05
3790,GE,2024-09-19
3791,RU,2025-02-03
3792,DE,2024-11-16
3793,GE,2025-03-23
3794,KZ,2024-05-11
3795,PL,2024-11-18
3796,GE,2025-07-07
3797,KZ,2024-08-31
3798,RU,2024-04-24
3799,RU,2025-09-11
3800,RU,2025-07-22
3801,PL,2025-05-12
3802,AM,2025-08-06
3803,UZ,2025-07-23
3804,RU,2025-06-29
3805,RU,2025-01-07
3806,UZ,2024-01-15
3807,RU,2025-03-12
3808,DE,2024-07-18
3809,AM,2025-07-19
3810,AM,2024-12-08
3811,DE,2025-10-23
3812,RS,2025-03-11
3813,KZ,2025-02-06
3814,RS,2025-11-02
3815,RS,2024-12-13
3816,RU,2024-10-01
3817,RS,2024-09-28
3818,UZ,2025-10-01
3819,KZ,2025-07-06
3820,PL,2024-04-29
3821,DE,2024-12-26
3822,RU,2024-09-28
3823,AM,2025-04-17
3824,DE,2024-02-08
3825,AM,2025-06-06
3826,PL,2025-06-26
3827,GE,2024-06-14
3828,AM,2024-04-20
3829,KZ,2025-04-03
3830,DE,2024-07-06
3831,PL,2025-11-19
3832,DE,2025-07-20
3833,UZ,2025-11-29
3834,KZ,2025-01-25
3835,DE,2025-11-17
3836,KZ,2024-01-11
3837,DE,2024-07-30
3838,AM,2024-01-02
3839,PL,2025-05-10
3840,PL,2025-01-08
3841,UZ,2024-07-29
3842,RS,2024-08-10
3843,AM,2025-04-15
3844,GE,2024-05-11
3845,PL,2025-01-11
3846,RS,2025-03-24
3847,UZ,2024-06-24
3848,GE,2024-06-15
3849,KZ,2024-09-15
3850,DE,2025-03-08
3851,KZ,2024-07-04
3852,RU,2024-10-04
3853,RU,2025-02-01
3854,GE,2024-05-16
3855,RS,2025-02-19
3856,KZ,2024-04-10
3857,GE,2024-04-14
3858,RU,2024-06-22
3859,GE,2024-07-28
3860,RS,2024-01-22
3861,AM,2025-12-03
3862,KZ,2024-08-13
3863,DE,2025-08-11
3864,AM,2025-10-21
3865,KZ,2025-08-08
3866,UZ,2025-08-30
3867,AM,2024-03-14
3868,UZ,2024-09-28
3869,DE,2025-06-29
3870,KZ,2025-02-24
3871,RU,2024-01-05
3872,RU,2025-02-18
3873,UZ,2025-08-11
3874,RS,2025-08-28
3875,AM,2024-10-07
3876,AM,2024-06-21
3877,KZ,2024-08-14
3878,DE,2024-08-04
3879,DE,2024-09-10
3880,RU,2024-08-08
3881,UZ,2024-11-30
3882,DE,2024-01-30
3883,AM,2024-07-20
3884,RS,2024-08-18
3885,DE,2024-04-22
3886,RS,2025-10-03
3887,RU,2025-05-08
3888,DE,2025-10-28
3889,DE,2025-02-14
3890,UZ,2024-03-21
3891,AM,2025-10-23
3892,PL,2024-11-30
3893,RS,2025-05-15
3894,DE,2024-10-05
3895,AM,2024-12-27
3896,PL,2024-12-23
3897,AM,2024-07-27
3898,RU,2025-02-09
3899,GE,2025-06-20
3900,PL,2024-01-15
3901,AM,2024-04-05
3902,PL,2025-09-07
3903,AM,2025-02-20
3904,RU,2025-12-12
3905,UZ,2025-03-18
3906,UZ,2025-04-22
3907,KZ,2025-10-19
3908,PL,2025-04-27
3909,DE,2024-08-28
3910,PL,2025-01-20
3911,DE,2024-06-21
3912,PL,2024-09-01
3913,DE,2025-05-12
3914,AM,2024-04-18
3915,UZ,2025-05-06
3916,RU,2025-03-02
3917,RU,2024-08-13
3918,UZ,2024-02-02
3919,RU,2025-05-30
3920,AM,2025-08-25
3921,PL,2025-06-17
3922,AM,2024-11-03
3923,RS,2025-04-22
3924,RS,2024-10-30
3925,KZ,2024-09-18
3926,AM,2024-08-27
3927,AM,2024-06-03
3928,DE,2025-12-09
3929,KZ,2025-05-02
3930,KZ,2024-05-07
3931,KZ,2025-09-24
3932,RU,2024-04-20
3933,KZ,2025-03-09
3934,KZ,2024-05-01
3935,DE,2024-09-21
3936,UZ,2025-04-26
3937,AM,2025-12-31
3938,RS,2025-12-26
3939,KZ,2025-10-16
3940,AM,2024-06-21
3941,AM,2024-03-09
3942,GE,2025-10-24
3943,PL,2025-11-05
3944,PL,2024-07-22
3945,DE,2024-01-15
3946,KZ,2025-04-18
3947,RU,2024-02-25
3948,GE,2024-01-30
3949,PL,2025-11-16
3950,DE,2024-12-28
3951,RS,2024-03-22
3952,DE,2025-04-23
3953,KZ,2024-09-26
3954,RS,2025-01-27
3955,AM,2025-10-19
3956,PL,2024-06-22
3957,AM,2025-04-17
3958,KZ,2025-08-28
3959,RU,2024-11-05
3960,DE,2025-12-10
3961,PL,2024-11-23
3962,UZ,2024-12-01
3963,KZ,2025-10-08
3964,RS,2025-04-09
3965,DE,2025-09-27
3966,UZ,2025-07-31
3967,UZ,2025-06-04
3968,DE,2024-06-25
3969,AM,2024-10-18
3970,AM,2025-09-23
3971,RS,2025-03-26
3972,PL,2024-07-23
3973,RU,2024-08-27
3974,GE,2025-07-21
3975,RU,2024-05-10
3976,KZ,2024-03-22
3977,KZ,2025-07-13
3978,PL,2024-07-29
3979,AM,2025-07-13
3980,DE,2025-01-25
3981,RS,2025-12-30
3982,RU,2025-01-18
3983,KZ,2025-09-26
3984,KZ,2025-09-13
3985,UZ,2024-06-03
3986,GE,2025-12-29
3987,GE,2025-06-29
3988,RU,2024-03-19
3989,RS,2024-01-05
3990,RS,2024-07-17
3991,UZ,2024-01-12
3992,UZ,2024-09-18
3993,DE,2025-12-29
3994,GE,2024-12-16
3995,AM,2024-01-18
3996,GE,2024-12-27
3997,RU,2024-06-09
3998,UZ,2025-09-17
3999,KZ,2024-03-07
4000,AM,2025-07-17
4001,GE,2024-11-22
4002,UZ,2024-01-14
4003,RU,2025-05-07
4004,RS,2024-11-28
4005,UZ,2025-07-18
4006,PL,2025-03-27
4007,GE,2025-07-29
4008,KZ,2024-12-02
4009,DE,2024-01-06
4010,RU,2024-04-05
4011,GE,2024-12-01
4012,PL,2024-10-17
4013,KZ,2025-08-03
4014,RS,2024-10-27
4015,GE,2025-09-20
4016,DE,2024-05-17
4017,GE,2024-10-08
4018,DE,2025-07-06
4019,DE,2024-03-31
4020,KZ,2024-08-22
4021,DE,2025-07-03
4022,RU,2025-03-06
4023,AM,2025-07-22
4024,GE,2025-01-11
4025,RS,2025-09-20
4026,DE,2025-10-03
4027,DE,2025-12-13
4028,RS,2024-03-30
4029,KZ,2025-03-08
4030,RS,2024-03-24
4031,AM,2024-06-16
4032,AM,2024-08-07
4033,GE,2025-04-17
4034,GE,2024-11-11
4035,RS,2025-09-24
4036,RU,2024-08-06
4037,KZ,2025-03-27
4038,AM,2025-07-11
4039,GE,2025-12-17
4040,GE,2024-06-28
4041,GE,2025-06-20
4042,KZ,2024-03-02
4043,UZ,2025-02-01
4044,RU,2024-10-29
4045,RS,2025-12-01
4046,RU,2025-07-19
4047,RS,2025-11-08
4048,DE,2025-09-13
4049,GE,2024-10-27
4050,RS,2025-06-20
4051,GE,2024-01-23
4052,RS,2025-02-11
4053,UZ,2024-02-04
4054,UZ,2025-06-13
4055,RU,2025-12-07
4056,RS,2025-05-13
4057,UZ,2025-09-05
4058,AM,2024-06-20
4059,DE,2025-12-27
4060,AM,2025-02-06
4061,DE,2025-05-08
4062,RU,2025-07-17
4063,KZ,2025-04-12
4064,AM,2024-08-19
4065,UZ,2025-03-22
4066,GE,2025-04-23
4067,UZ,2025-09-18
4068,RS,2024-12-17
4069,KZ,2025-01-01
4070,RU,2025-01-02
4071,RU,2024-03-24
4072,UZ,2024-03-06
4073,UZ,2024-01-15
4074,PL,2025-05-02
4075,GE,2024-11-02
4076,RU,2025-09-24
4077,PL,2025-05-28
4078,AM,2024-04-13
4079,DE,2024-03-14
4080,UZ,2024-09-24
4081,PL,2025-11-04
4082,GE,2024-02-05
4083,UZ,2024-05-16
4084,UZ,2024-01-22
4085,AM,2024-10-29
4086,KZ,2025-12-24
4087,GE,2025-05-14
4088,PL,2024-12-26
4089,PL,2024-04-15
4090,PL,2024-09-16
4091,KZ,2025-01-18
4092,RU,2024-07-19
4093,GE,2025-05-30
4094,RS,2025-12-17
4095,PL,2024-05-30
4096,AM,2024-07-03
4097,AM,2024-04-02
4098,DE,2025-06-14
4099,UZ,2024-12-03
4100,GE,2024-07-26
4101,RU,2024-06-09
4102,PL,2024-02-21
4103,DE,2024-12-14
4104,RU,2025-05-14
4105,RU,2024-06-20
4106,RS,2024-01-02
4107,RU,2024-12-11
4108,UZ,2025-05-08
4109,AM,2024-09-09
4110,GE,2024-07-02
4111,RU,2024-04-22
4112,RS,2025-06-29
4113,DE,2025-09-21
4114,PL,2025-07-16
4115,GE,2025-01-13
4116,RS,2025-06-13
4117,RU,2024-10-17
4118,DE,2024-01-18
4119,DE,2024-09-25
4120,RU,2025-05-29
4121,KZ,2025-04-18
4122,PL,2025-12-24
4123,PL,2025-12-30
4124,GE,2024-06-26
4125,UZ,2024-01-07
4126,AM,2024-07-19
4127,RU,2025-10-02
4128,RU,2025-08-17
4129,AM,2024-03-13
4130,RS,2024-04-27
4131,RU,2025-02-15
4132,PL,2025-04-27
4133,KZ,2025-12-19
4134,AM,2025-07-05
4135,PL,2024-06-03
4136,PL,2024-01-28
4137,PL,2025-04-08
4138,GE,2025-02-08
4139,PL,2025-11-04
4140,AM,2025-02-24
4141,KZ,2025-01-01
4142,UZ,2024-08-09
4143,DE,2024-03-04
4144,RS,2025-10-02
4145,DE,2025-08-26
4146,GE,2024-04-28
4147,RS,2025-05-29
4148,UZ,2024-09-23
4149,UZ,2024-11-15
4150,RS,2025-09-12
4151,GE,2025-09-07
4152,AM,2024-05-19
4153,PL,2024-08-12
4154,PL,2025-08-23
4155,DE,2025-11-01
4156,DE,2024-02-27
4157,KZ,2025-09-01
4158,GE,2024-12-23
4159,DE,2025-03-07
4160,RU,2024-02-25
4161,RS,2025-05-12
4162,RS,2025-05-10
4163,AM,2025-04-29
4164,DE,2025-07-31
4165,KZ,2025-11-22
4166,KZ,2025-09-13
4167,RS,2025-06-28
4168,DE,2025-12-18
4169,AM,2025-05-08
4170,KZ,2025-05-06
4171,GE,2025-01-31
4172,GE,2025-07-16
4173,AM,2024-02-22
4174,GE,2025-01-04
4175,RS,2024-11-06
4176,GE,2025-10-29
4177,GE,2024-02-23
4178,KZ,2025-04-15
4179,RS,2024-05-14
4180,RS,2025-10-07
4181,KZ,2025-09-14
4182,GE,2024-06-21
4183,RU,2025-09-29
4184,UZ,2024-12-29
4185,RU,2025-12-10
4186,AM,2025-06-17
4187,GE,2024-01-26
4188,DE,2024-05-28
4189,RU,2024-10-22
4190,PL,2024-06-03
4191,RS,2024-04-06
4192,GE,2025-12-15
4193,KZ,2025-09-27
4194,RU,2024-11-13
4195,AM,2024-06-06
4196,RS,2024-05-12
4197,AM,2025-10-31
4198,RU,2024-08-30
4199,PL,2024-01-10
4200,DE,2024-10-17
4201,KZ,2024-11-28
4202,KZ,2025-03-31
4203,GE,2024-09-04
4204,DE,2025-11-05
4205,GE,2025-04-15
4206,UZ,2025-12-22
4207,PL,2024-09-25
4208,PL,2025-04-21
4209,DE,2024-09-24
4210,AM,2025-05-26
4211,DE,2025-06-29
4212,KZ,2024-08-23
4213,RS,2025-11-16
4214,KZ,2025-09-18
4215,KZ,2025-10-15
4216,PL,2024-06-08
4217,RS,2025-06-08
4218,GE,2024-03-18
4219,AM,2024-03-18
4220,DE,2025-12-12
4221,RU,2024-04-21
4222,AM,2025-09-23
4223,UZ,2024-11-10
4224,AM,2024-08-09
4225,UZ,2024-02-23
4226,DE,2025-05-08
4227,RS,2025-06-11
4228,AM,2024-12-07
4229,GE,2025-08-15
4230,RU,2024-08-24
4231,RU,2025-02-07
4232,PL,2024-07-28
4233,AM,2025-03-01
4234,GE,2024-04-09
4235,GE,2024-12-14
4236,RU,2025-02-05
4237,PL,2025-02-10
4238,RU,2024-11-22
4239,UZ,2025-04-15
4240,DE,2025-01-09
4241,GE,2024-07-26
4242,GE,2024-06-06
4243,UZ,2025-04-18
4244,RU,2025-11-17
4245,GE,2025-07-04
4246,GE,2025-04-11
4247,GE,2025-11-04
4248,DE,2025-10-19
4249,PL,2025-01-05
4250,RS,2024-03-20
4251,RS,2025-04-08
4252,RS,2025-03-31
4253,PL,2024-07-21
4254,GE,2025-09-12
4255,GE,2025-09-27
4256,GE,2024-08-29
4257,GE,2024-12-14
4258,RU,2024-05-22
4259,AM,2024-05-10
4260,RU,2024-07-12
4261,DE,2024-09-24
4262,DE,2024-07-18
4263,GE,2024-04-20
4264,UZ,2024-11-22
4265,AM,2025-03-31
4266,PL,2024-08-26
4267,GE,2025-01-25
4268,PL,2024-07-17
4269,RU,2025-05-29
4270,AM,2025-04-19
4271,UZ,2025-12-02
4272,AM,2024-02-08
4273,PL,2025-09-15
4274,GE,2024-09-05
4275,RU,2024-02-18
4276,UZ,2025-05-19
4277,RU,2024-05-05
4278,UZ,2024-05-08
4279,KZ,2025-12-17
4280,UZ,2024-06-10
4281,RS,2025-02-03
4282,PL,2024-05-26
4283,DE,2024-03-31
4284,RS,2024-01-01
4285,RU,2024-01-12
4286,UZ,2024-12-12
4287,KZ,2024-11-13
4288,UZ,2024-01-29
4289,UZ,2024-09-12
4290,GE,2024-07-18
4291,RU,2025-02-21
4292,PL,2025-12-28
4293,RS,2025-05-20
4294,RU,2025-11-02
4295,PL,2024-05-20
4296,PL,2024-06-06
4297,RS,2025-07-02
4298,UZ,2024-08-14
4299,RU,2025-09-12
4300,RU,2024-12-04
4301,GE,2024-05-26
4302,KZ,2025-09-09
4303,DE,2025-02-06
4304,RU,2025-08-09
4305,KZ,2024-11-26
4306,UZ,2024-04-02
4307,KZ,2025-05-12
4308,UZ,2024-03-31
4309,UZ,2025-04-29
4310,AM,2024-10-31
4311,AM,2025-08-01
4312,UZ,2025-09-28
4313,GE,2024-10-24
4314,RU,2025-10-06
4315,UZ,2024-03-22
4316,GE,2024-03-19
4317,PL,2025-12-27
4318,RS,2025-02-23
4319,UZ,2024-11-25
4320,RU,2024-04-23
4321,KZ,2024-07-30
4322,RS,2025-05-16
4323,RS,2025-08-23
4324,GE,2025-10-31
4325,PL,2024-10-25
4326,RS,2024-11-28
4327,UZ,2024-04-29
4328,RS,2024-03-01
4329,RU,2024-11-16
4330,PL,2025-02-27
4331,DE,2024-03-17
4332,GE,2024-10-25
4333,UZ,2025-04-13
4334,PL,2025-08-15
4335,PL,2025-11-17
4336,RS,2024-09-05
4337,UZ,2024-10-13
4338,GE,2025-10-01
4339,KZ,2025-05-21
4340,AM,2024-07-19
4341,RU,2025-05-15
4342,RS,2024-04-25
4343,RS,2024-11-24
4344,GE,2024-08-12
4345,GE,2025-12-26
4346,AM,2024-01-26
4347,RU,2025-09-18
4348,DE,2024-07-24
4349,UZ,2024-01-27
4350,GE,2025-04-27
4351,AM,2025-05-10
4352,AM,2024-04-14
4353,AM,2024-01-29
4354,RS,2024-03-22
4355,RS,2024-10-25
4356,UZ,2024-04-06
4357,PL,2025-05-28
4358,GE,2024-02-26
4359,KZ,2025-07-30
4360,PL,2025-10-01
4361,RU,2025-06-08
4362,UZ,2025-11-21
4363,RS,2025-11-17
4364,PL,2024-02-04
4365,AM,2024-09-06
4366,UZ,2025-07-09
4367,DE,2024-09-05
4368,DE,2025-06-22
4369,PL,2025-07-20
4370,AM,2025-12-29
4371,AM,2024-08-29
4372,DE,2024-09-11
4373,DE,2024-01-18
4374,UZ,2024-07-27
4375,GE,2024-07-24
4376,AM,2024-11-27
4377,GE,2024-11-03
4378,GE,2025-09-18
4379,DE,2025-07-19
4380,PL,2025-06-16
4381,PL,2024-01-04
4382,RU,2024-12-10
4383,GE,2025-06-17
4384,AM,2024-06-27
4385,RS,2024-11-06
4386,KZ,2025-06-15
4387,GE,2025-08-03
4388,RU,2025-09-16
4389,GE,2024-11-10
4390,AM,2024-10-19
4391,DE,2024-10-06
4392,UZ,2025-05-03
4393,RU,2024-11-02
4394,RU,2024-10-19
4395,AM,2024-05-03
4396,AM,2024-12-15
4397,GE,2024-06-22
4398,GE,2025-01-18
4399,RU,2025-10-11
4400,KZ,2025-07-21
4401,RS,2024-12-15
4402,RU,2025-12-15
4403,RS,2025-12-17
4404,PL,2024-11-20
4405,GE,2025-07-12
4406,PL,2024-09-07
4407,GE,2025-10-04
4408,DE,2024-09-30
4409,GE,2024-07-07
4410,GE,2024-04-07
4411,RU,2025-09-07
4412,AM,2024-08-05
4413,GE,2025-08-17
4414,KZ,2024-03-04
4415,RS,2025-01-01
4416,RS,2024-11-08
4417,RS,2024-11-16
4418,DE,2024-05-02
4419,KZ,2024-02-23
4420,RU,2024-09-10
4421,KZ,2024-12-09
4422,PL,2025-08-03
4423,UZ,2024-12-04
4424,RS,2024-06-28
4425,GE,2024-07-10
4426,UZ,2025-03-23
4427,GE,2024-11-14
4428,RS,2025-10-20
4429,UZ,2024-11-17
4430,PL,2025-02-18
4431,PL,2024-02-16
4432,RU,2024-05-21
4433,PL,2025-09-13
4434,RU,2024-09-09
4435,AM,2024-11-03
4436,PL,2025-03-07
4437,KZ,2024-02-12
4438,PL,2025-01-05
4439,GE,2024-09-10
4440,GE,2024-04-18
4441,GE,2024-11-01
4442,GE,2024-11-22
4443,KZ,2024-05-16
4444,RS,2025-01-31
4445,KZ,2025-06-29
4446,RS,2024-07-14
4447,GE,2025-12-07
4448,DE,2025-03-23
4449,AM,2025-07-19
4450,PL,2024-02-21
4451,UZ,2025-07-15
4452,GE,2024-09-03
4453,RS,2025-06-03
4454,KZ,2025-08-10
4455,AM,2024-07-02
4456,RU,2024-07-08
4457,AM,2024-02-13
4458,RU,2025-03-18
4459,RU,2025-07-19
4460,KZ,2024-10-26
4461,RU,2024-04-27
4462,GE,2024-08-19
4463,AM,2024-10-21
4464,KZ,2025-10-31
4465,RS,2024-03-31
4466,RU,2024-09-07
4467,UZ,2025-04-11
4468,PL,2024-06-22
4469,PL,2025-10-08
4470,KZ,2025-10-26
4471,RS,2024-10-04
4472,PL,2025-06-29
4473,RS,2025-07-06
4474,DE,2025-05-13
4475,UZ,2024-05-16
4476,GE,2024-02-06
4477,PL,2024-09-10
4478,GE,2024-04-05
4479,UZ,2024-08-01
4480,AM,2025-04-11
4481,RS,2025-03-06
4482,GE,2024-06-02
4483,UZ,2024-01-13
4484,RU,2024-06-13
4485,RS,2024-11-28
4486,GE,2025-07-23
4487,AM,2024-09-23
4488,GE,2024-07-28
4489,KZ,2025-02-07
4490,RS,2024-02-22
4491,DE,2024-06-13
4492,DE,2024-01-27
4493,KZ,2025-01-19
4494,GE,2024-11-19
4495,GE,2025-03-01
4496,KZ,2025-03-27
4497,GE,2024-10-15
4498,RS,2025-09-27
4499,DE,2025-11-02
4500,GE,2024-03-21
4501,KZ,2025-11-03
4502,AM,2024-05-23
4503,PL,2024-06-30
4504,UZ,2025-01-22
4505,RU,2024-01-22
4506,RS,2024-09-23
4507,GE,2024-05-22
4508,AM,2024-12-18
4509,GE,2025-08-18
4510,PL,2025-11-06
4511,GE,2024-06-04
4512,AM,2025-02-02
4513,RU,2024-12-12
4514,PL,2024-10-30
4515,PL,2025-04-07
4516,UZ,2025-12-24
4517,GE,2024-10-23
4518,RU,2024-02-17
4519,KZ,2025-10-31
4520,RS,2025-11-12
4521,PL,2024-08-23
4522,KZ,2025-01-01
4523,AM,2025-09-22
4524,PL,2025-01-03
4525,UZ,2024-12-17
4526,RS,2025-11-04
4527,RU,2025-08-28
4528,RU,2025-01-05
4529,RS,2024-04-28
4530,AM,2024-11-16
4531,RU,2025-05-09
4532,DE,2024-07-18
4533,KZ,2025-01-27
4534,UZ,2025-04-26
4535,RU,2024-03-03
4536,AM,2025-02-20
4537,RU,2025-06-23
4538,KZ,2024-06-05
4539,UZ,2025-02-04
4540,UZ,2025-06-02
4541,AM,2024-02-02
4542,KZ,2025-04-15
4543,PL,2024-07-08
4544,AM,2024-10-17
4545,RS,2025-04-18
4546,UZ,2024-01-04
4547,AM,2024-01-13
4548,UZ,2024-11-22
4549,AM,2025-11-25
4550,UZ,2024-01-05
4551,RU,2025-07-30
4552,RU,2024-02-24
4553,RU,2024-12-23
4554,AM,2024-11-10
4555,KZ,2024-12-08
4556,DE,2024-02-29
4557,DE,2025-07-04
4558,UZ,2024-07-20
4559,UZ,2025-07-17
4560,KZ,2025-04-24
4561,RS,2025-02-06
4562,RS,2024-08-13
4563,RU,2025-04-21
4564,DE,2025-12-30
4565,PL,2025-11-05
4566,GE,2025-10-31
4567,KZ,2024-06-09
4568,KZ,2025-03-03
4569,GE,2024-10-17
4570,DE,2025-12-07
4571,KZ,2025-11-25
4572,RU,2025-09-26
4573,RS,2024-04-28
4574,PL,2024-08-21
4575,KZ,2025-06-03
4576,UZ,2025-07-01
4577,RU,2024-09-13
4578,DE,2024-04-10
4579,GE,2024-04-10
4580,GE,2025-05-15
4581,DE,2024-11-27
4582,PL,2024-12-24
4583,DE,2025-08-19
4584,KZ,2024-01-13
4585,AM,2025-07-05
4586,AM,2024-07-19
4587,DE,2025-11-11
4588,GE,2025-11-29
4589,AM,2025-01-02
4590,GE,2024-08-18
4591,KZ,2024-06-19
4592,RU,2024-05-12
4593,RU,2025-12-31
4594,KZ,2024-05-17
4595,AM,2024-11-22
4596,RU,2024-12-16
4597,PL,2025-05-11
4598,RU,2025-09-07
4599,PL,2025-02-11
4600,KZ,2025-07-08
4601,PL,2025-02-18
4602,PL,2024-11-15
4603,GE,2024-04-25
4604,UZ,2024-06-01
4605,DE,2024-11-12
4606,RS,2024-02-03
4607,DE,2024-08-19
4608,RS,2024-12-04
4609,UZ,2024-12-11
4610,RS,2025-08-18
4611,RU,2025-12-08
4612,GE,2025-06-17
4613,UZ,2024-02-28
4614,AM,2024-10-25
4615,AM,2025-06-17
4616,RS,2025-03-10
4617,GE,2024-11-30
4618,AM,2024-11-14
4619,KZ,2024-10-23
4620,PL,2025-02-27
4621,AM,2024-05-10
4622,PL,2025-01-13
4623,UZ,2024-05-30
4624,RU,2025-05-12
4625,RS,2025-09-24
4626,RS,2025-01-06
4627,RU,2024-10-10
4628,DE,2025-11-18
4629,UZ,2025-04-27
4630,GE,2024-11-08
4631,DE,2024-01-22
4632,GE,2024-01-12
4633,GE,2024-06-10
4634,DE,2024-06-21
4635,RU,2025-06-11
4636,UZ,2024-12-31
4637,UZ,2025-12-31
4638,RS,2025-01-30
4639,AM,2025-10-22
4640,PL,2025-02-07
4641,UZ,2024-09-18
4642,RU,2025-06-06
4643,PL,2024-11-24
4644,RU,2024-07-19
4645,RU,2024-12-11
4646,RS,2025-05-01
4647,KZ,2024-10-01
4648,RU,2025-05-29
4649,GE,2025-12-17
4650,GE,2024-10-27
4651,RS,2024-08-03
4652,PL,2024-10-20
4653,GE,2025-09-04
4654,DE,2024-05-10
4655,RU,2025-12-12
4656,DE,2024-10-29
4657,DE,2025-09-07
4658,AM,2025-07-29
4659,RS,2025-07-26
4660,RS,2025-10-26
4661,UZ,2024-05-15
4662,AM,2025-03-09
4663,DE,2024-03-13
4664,RS,2024-08-06
4665,GE,2024-01-30
4666,UZ,2025-05-13
4667,GE,2025-03-20
4668,DE,2025-06-25
4669,KZ,2024-05-08
4670,RS,2024-08-30
4671,RU,2025-05-09
4672,KZ,2025-08-27
4673,DE,2025-10-09
4674,UZ,2024-02-23
4675,UZ,2024-10-21
4676,GE,2024-01-08
4677,AM,2025-08-21
4678,AM,2024-03-30
4679,KZ,2025-08-23
4680,RU,2024-04-24
4681,GE,2024-01-12
4682,DE,2025-10-04
4683,KZ,2024-11-16
4684,RU,2024-11-06
4685,AM,2025-04-17
4686,KZ,2024-07-19
4687,PL,2025-05-19
4688,GE,2024-11-09
4689,RU,2024-07-18
4690,KZ,2024-10-15
4691,RU,2024-01-05
4692,RU,2024-08-08
4693,PL,2025-03-08
4694,UZ,2024-04-10
4695,KZ,2024-03-27
4696,UZ,2025-04-24
4697,RU,2024-11-09
4698,RU,2024-04-09
4699,GE,2025-06-30
4700,RU,2025-07-20
4701,PL,2024-01-26
4702,RU,2024-05-27
4703,AM,2024-09-27
4704,UZ,2025-06-18
4705,KZ,2024-02-24
4706,DE,2025-08-11
4707,RS,2024-08-21
4708,AM,2024-04-01
4709,UZ,2025-09-23
4710,RS,2024-03-04
4711,GE,2024-04-04
4712,UZ,2025-11-25
4713,PL,2025-01-14
4714,RS,2024-12-04
4715,RU,2025-05-17
4716,AM,2025-04-05
4717,PL,2025-03-24
4718,PL,2024-01-18
4719,RS,2025-02-07
4720,DE,2024-07-22
4721,AM,2025-08-13
4722,UZ,2025-01-04
4723,PL,2024-03-31
4724,RU,2025-10-09
4725,GE,2024-07-26
4726,RS,2024-07-17
4727,RU,2025-11-15
4728,PL,2025-07-20
4729,RU,2025-09-20
4730,KZ,2025-04-29
4731,PL,2025-10-27
4732,KZ,2024-03-25
4733,UZ,2025-03-14
4734,GE,2024-08-02
4735,UZ,2024-10-18
4736,RS,2024-06-22
4737,RU,2024-05-29
4738,GE,2024-11-19
4739,GE,2025-11-02
4740,AM,2025-04-09
4741,GE,2024-09-12
4742,RS,2024-11-12
4743,RS,2025-01-22
4744,GE,2024-06-27
4745,KZ,2025-01-16
4746,GE,2025-05-23
4747,UZ,2024-06-26
4748,GE,2025-03-03
4749,UZ,2025-06-01
4750,GE,2025-01-14
4751,RU,2024-08-01
4752,DE,2025-02-09
4753,UZ,2025-08-02
4754,UZ,2024-06-11
4755,DE,2025-02-24
4756,AM,2025-05-12
4757,AM,2024-08-23
4758,DE,2024-10-10
4759,RS,2025-10-11
4760,KZ,2024-09-22
4761,PL,2025-03-13
4762,UZ,2024-04-19
4763,RU,2025-11-07
4764,DE,2025-03-12
4765,RS,2025-07-09
4766,DE,2025-03-16
4767,AM,2024-09-16
4768,RU,2024-09-05
4769,RU,2025-05-27
4770,RU,2025-09-20
4771,GE,2024-04-03
4772,UZ,2025-09-10
4773,DE,2025-08-29
4774,PL,2024-03-20
4775,GE,2024-03-20
4776,RU,2025-05-23
4777,GE,2025-09-08
4778,KZ,2024-10-14
4779,RU,2025-04-13
4780,RU,2025-12-31
4781,UZ,2024-08-23
4782,AM,2024-06-13
4783,GE,2025-12-25
4784,UZ,2024-07-24
4785,UZ,2024-12-11
4786,GE,2024-11-19
4787,AM,2025-01-17
4788,RU,2024-07-15
4789,GE,2025-05-11
4790,AM,2025-05-20
4791,DE,2024-05-26
4792,PL,2024-12-17
4793,PL,2024-02-11
4794,GE,2024-06-10
4795,RS,2025-12-22
4796,DE,2025-01-05
4797,AM,2025-03-31
4798,RU,2025-10-11
4799,RS,2025-06-05
4800,AM,2025-08-02
4801,AM,2025-06-04
4802,AM,2024-12-30
4803,DE,2025-04-07
4804,UZ,2024-07-29
4805,KZ,2025-10-12
4806,UZ,2024-05-11
4807,RS,2025-10-08
4808,PL,2025-10-04
4809,RS,2024-04-14
4810,UZ,2025-06-03
4811,DE,2025-12-24
4812,DE,2025-02-22
4813,AM,2024-09-05
4814,AM,2025-10-04
4815,KZ,2025-01-09
4816,GE,2024-03-29
4817,UZ,2024-07-01
4818,GE,2025-05-13
4819,AM,2024-11-28
4820,PL,2024-06-07
4821,AM,2025-08-07
4822,KZ,2024-03-29
4823,PL,2024-06-09
4824,PL,2024-12-06
4825,RS,2024-01-29
4826,RS,2024-10-10
4827,DE,2025-10-27
4828,AM,2025-11-18
4829,PL,2025-09-29
4830,RS,2024-08-24
4831,GE,2024-02-17
4832,RU,2025-08-18
4833,RS,2024-09-29
4834,DE,2025-07-01
4835,PL,2024-03-28
4836,AM,2025-05-03
4837,DE,2025-03-04
4838,RU,2025-11-03
4839,UZ,2024-03-15
4840,PL,2024-10-25
4841,UZ,2025-12-24
4842,RU,2024-10-11
4843,RU,2025-04-26
4844,DE,2024-04-27
4845,UZ,2025-06-16
4846,UZ,2024-07-20
4847,UZ,2025-02-22
4848,RU,2025-10-05
4849,DE,2025-04-28
4850,PL,2024-12-12
4851,PL,2024-05-18
4852,KZ,2024-09-06
4853,RU,2025-09-12
4854,RU,2024-06-06
4855,RU,2025-04-24
4856,KZ,2024-12-20
4857,UZ,2024-08-22
4858,KZ,2025-06-07
4859,GE,2024-09-21
4860,UZ,2024-07-28
4861,RU,2025-01-21
4862,UZ,2025-07-07
4863,PL,2025-09-23
4864,KZ,2025-04-05
4865,PL,2025-04-28
4866,AM,2025-07-29
4867,RS,2024-07-15
4868,GE,2024-07-02
4869,PL,2024-12-19
4870,KZ,2025-04-06
4871,DE,2025-04-17
4872,PL,2024-04-22
4873,RU,2025-07-24
4874,AM,2024-09-22
4875,DE,2025-10-03
4876,KZ,2025-06-13
4877,RS,2025-12-19
4878,RS,2025-04-06
4879,KZ,2025-01-20
4880,UZ,2024-05-17
4881,RS,2024-10-18
4882,PL,2025-09-19
4883,RS,2024-10-06
4884,DE,2024-02-08
4885,RU,2024-06-28
4886,DE,2025-03-11
4887,KZ,2025-04-04
4888,AM,2025-12-20
4889,GE,2025-11-13
4890,RS,2025-01-23
4891,UZ,2025-02-09
4892,AM,2025-08-08
4893,RU,2024-02-05
4894,RU,2025-03-11
4895,RS,2024-12-12
4896,RS,2025-07-26
4897,UZ,2025-08-08
4898,AM,2025-04-24
4899,UZ,2025-04-25
4900,AM,2025-05-20
4901,GE,2025-02-28
4902,KZ,2024-06-15
4903,AM,2024-07-26
4904,KZ,2025-06-26
4905,DE,2025-03-28
4906,KZ,2024-06-22
4907,GE,2025-10-03
4908,UZ,2025-12-17
4909,UZ,2025-04-02
4910,AM,2024-06-15
4911,PL,2025-11-16
4912,AM,2024-06-22
4913,RU,2024-11-12
4914,AM,2025-09-19
4915,UZ,2025-01-15
4916,RU,2024-06-26
4917,RU,2024-02-28
4918,GE,2024-09-20
4919,UZ,2025-05-06
4920,AM,2025-06-06
4921,PL,2024-06-11
4922,UZ,2024-04-26
4923,AM,2025-05-27
4924,KZ,2024-04-26
4925,GE,2024-02-16
4926,RU,2024-12-21
4927,RS,2025-02-21
4928,AM,2024-06-27
4929,DE,2024-06-03
4930,DE,2024-06-21
4931,RU,2024-09-07
4932,KZ,2024-01-07
4933,PL,2024-01-09
4934,UZ,2024-09-27
4935,RS,2024-01-15
4936,AM,2024-08-20
4937,PL,2025-02-28
4938,AM,2024-01-23
4939,GE,2025-03-27
4940,GE,2025-03-30
4941,KZ,2025-02-23
4942,RS,2025-04-03
4943,UZ,2025-08-14
4944,UZ,2024-02-21
4945,RU,2024-05-03
4946,KZ,2024-08-19
4947,GE,2025-05-18
4948,AM,2025-09-30
4949,GE,2025-11-02
4950,GE,2025-03-01
4951,GE,2024-10-26
4952,RU,2024-10-28
4953,UZ,2024-02-13
4954,DE,2024-12-05
4955,RS,2025-01-09
4956,DE,2024-06-01
4957,DE,2025-07-15
4958,GE,2025-08-16
4959,PL,2024-08-08
4960,PL,2025-10-30
4961,RS,2024-03-19
4962,AM,2025-10-27
4963,PL,2025-07-15
4964,DE,2024-06-12
4965,PL,2025-04-20
4966,RU,2024-08-15
4967,DE,2025-08-07
4968,GE,2024-04-27
4969,RU,2024-06-28
4970,UZ,2024-08-12
4971,UZ,2024-05-25
4972,RS,2024-08-31
4973,UZ,2025-03-16
4974,UZ,2025-04-07
4975,UZ,2025-02-08
4976,UZ,2024-05-18
4977,AM,2024-05-27
4978,RU,2025-11-03
4979,PL,2024-07-02
4980,AM,2024-03-16
4981,PL,2024-11-27
4982,PL,2024-01-06
4983,DE,2024-09-07
4984,RS,2025-09-16
4985,DE,2024-07-14
4986,RU,2025-05-29
4987,PL,2024-12-24
4988,PL,2024-09-16
4989,PL,2025-04-28
4990,PL,2025-03-11
4991,KZ,2024-08-20
4992,AM,2024-06-12
4993,PL,2025-11-01
4994,AM,2024-05-03
4995,KZ,2025-12-02
4996,DE,2024-12-10
4997,KZ,2025-12-29
4998,UZ,2024-09-15
4999,KZ,2025-02-17
5000,RS,2025-03-25
